z,r,dr_dz,d2r_dz2,curvature
0.000000,55.035000,2.924548,-0.026475,0.000897
0.384462,56.159378,2.914369,-0.039795,0.001360
0.768924,57.275930,2.893949,-0.053265,0.001856
1.153387,58.384606,2.873413,-0.053539,0.001901
1.537849,59.485367,2.852781,-0.053762,0.001946
1.922311,60.578179,2.832073,-0.053938,0.001991
2.306773,61.663017,2.811307,-0.054067,0.002035
2.691236,62.739862,2.790500,-0.054153,0.002079
3.075698,63.808701,2.769667,-0.054199,0.002123
3.460160,64.869527,2.748825,-0.054205,0.002166
3.844622,65.922340,2.727988,-0.054175,0.002209
4.229085,66.967144,2.707168,-0.054111,0.002251
4.613547,68.003948,2.686380,-0.054014,0.002293
4.998009,69.032767,2.665636,-0.053886,0.002335
5.382471,70.053620,2.644946,-0.053729,0.002376
5.766933,71.066531,2.624322,-0.053545,0.002417
6.151396,72.071526,2.603774,-0.053336,0.002458
6.535858,73.068636,2.583311,-0.053102,0.002498
6.920320,74.057897,2.562942,-0.052846,0.002538
7.304782,75.039345,2.542676,-0.052569,0.002577
7.689245,76.013023,2.522520,-0.052273,0.002616
8.073707,76.978973,2.502482,-0.051958,0.002655
8.458169,77.937243,2.482569,-0.051626,0.002693
8.842631,78.887881,2.462786,-0.051278,0.002730
9.227094,79.830939,2.443140,-0.050915,0.002768
9.611556,80.766471,2.423636,-0.050539,0.002804
9.996018,81.694532,2.404279,-0.050150,0.002840
10.380480,82.615180,2.385074,-0.049750,0.002876
10.764942,83.528474,2.366025,-0.049339,0.002911
11.149405,84.434475,2.347136,-0.048918,0.002946
11.533867,85.333245,2.328411,-0.048489,0.002980
11.918329,86.224847,2.309852,-0.048051,0.003013
12.302791,87.109346,2.291463,-0.047606,0.003046
12.687254,87.986809,2.273247,-0.047155,0.003079
13.071716,88.857301,2.255205,-0.046698,0.003110
13.456178,89.720891,2.237340,-0.046235,0.003141
13.840640,90.577647,2.219653,-0.045769,0.003172
14.225103,91.427637,2.202147,-0.045298,0.003202
14.609565,92.270931,2.184823,-0.044824,0.003231
14.994027,93.107600,2.167681,-0.044347,0.003260
15.378489,93.937714,2.150723,-0.043868,0.003288
15.762951,94.761344,2.133949,-0.043388,0.003315
16.147414,95.578560,2.117361,-0.042906,0.003342
16.531876,96.389434,2.100958,-0.042423,0.003368
16.916338,97.194038,2.084741,-0.041939,0.003393
17.300800,97.992443,2.068710,-0.041456,0.003417
17.685263,98.784720,2.052865,-0.040973,0.003441
18.069725,99.570941,2.037205,-0.040491,0.003464
18.454187,100.351176,2.021730,-0.040009,0.003487
18.838649,101.125498,2.006440,-0.039529,0.003508
19.223112,101.893978,1.991335,-0.039051,0.003529
19.607574,102.656685,1.976413,-0.038574,0.003550
19.992036,103.413690,1.961674,-0.038100,0.003569
20.376498,104.165064,1.947117,-0.037628,0.003588
20.760960,104.910876,1.932741,-0.037158,0.003606
21.145423,105.651196,1.918545,-0.036692,0.003623
21.529885,106.386092,1.904528,-0.036228,0.003640
21.914347,107.115634,1.890689,-0.035767,0.003655
22.298809,107.839889,1.877026,-0.035310,0.003671
22.683272,108.558925,1.863538,-0.034857,0.003685
23.067734,109.272809,1.850224,-0.034406,0.003698
23.452196,109.981607,1.837082,-0.033960,0.003711
23.836658,110.685386,1.824111,-0.033518,0.003723
24.221121,111.384210,1.811309,-0.033079,0.003735
24.605583,112.078146,1.798675,-0.032645,0.003745
24.990045,112.767256,1.786208,-0.032215,0.003755
25.374507,113.451605,1.773905,-0.031789,0.003765
25.758969,114.131255,1.761765,-0.031367,0.003773
26.143432,114.806269,1.749786,-0.030950,0.003781
26.527894,115.476708,1.737967,-0.030537,0.003788
26.912356,116.142634,1.726305,-0.030129,0.003794
27.296818,116.804106,1.714800,-0.029725,0.003800
27.681281,117.461185,1.703449,-0.029326,0.003805
28.065743,118.113930,1.692250,-0.028932,0.003810
28.450205,118.762398,1.681202,-0.028542,0.003813
28.834667,119.406647,1.670303,-0.028157,0.003816
29.219130,120.046734,1.659551,-0.027777,0.003819
29.603592,120.682716,1.648944,-0.027402,0.003821
29.988054,121.314648,1.638481,-0.027031,0.003822
30.372516,121.942585,1.628160,-0.026665,0.003822
30.756978,122.566580,1.617978,-0.026303,0.003822
31.141441,123.186688,1.607935,-0.025947,0.003822
31.525903,123.802960,1.598027,-0.025595,0.003821
31.910365,124.415450,1.588254,-0.025247,0.003819
32.294827,125.024208,1.578614,-0.024905,0.003817
32.679290,125.629285,1.569104,-0.024567,0.003814
33.063752,126.230731,1.559724,-0.024234,0.003810
33.448214,126.828594,1.550470,-0.023905,0.003806
33.832676,127.422925,1.541342,-0.023581,0.003802
34.217139,128.013770,1.532338,-0.023262,0.003797
34.601601,128.601178,1.523456,-0.022947,0.003792
34.986063,129.185193,1.514694,-0.022636,0.003786
35.370525,129.765863,1.506050,-0.022330,0.003780
35.754987,130.343232,1.497524,-0.022029,0.003773
36.139450,130.917345,1.489112,-0.021732,0.003766
36.523912,131.488246,1.480813,-0.021439,0.003758
36.908374,132.055979,1.472627,-0.021151,0.003750
37.292836,132.620585,1.464550,-0.020867,0.003741
37.677299,133.182107,1.456582,-0.020587,0.003733
38.061761,133.740587,1.448720,-0.020311,0.003723
38.446223,134.296064,1.440964,-0.020039,0.003714
38.830685,134.848579,1.433312,-0.019772,0.003704
39.215148,135.398172,1.425761,-0.019509,0.003694
39.599610,135.944882,1.418311,-0.019249,0.003683
39.984072,136.488746,1.410960,-0.018994,0.003672
40.368534,137.029803,1.403706,-0.018742,0.003661
40.752996,137.568090,1.396548,-0.018495,0.003650
41.137459,138.103644,1.389485,-0.018251,0.003638
41.521921,138.636499,1.382515,-0.018011,0.003626
41.906383,139.166693,1.375636,-0.017775,0.003613
42.290845,139.694259,1.368847,-0.017542,0.003601
42.675308,140.219233,1.362147,-0.017313,0.003588
43.059770,140.741648,1.355535,-0.017088,0.003575
43.444232,141.261537,1.349008,-0.016866,0.003562
43.828694,141.778933,1.342566,-0.016647,0.003548
44.213157,142.293869,1.336208,-0.016433,0.003535
44.597619,142.806376,1.329931,-0.016221,0.003521
44.982081,143.316486,1.323735,-0.016013,0.003507
45.366543,143.824228,1.317618,-0.015808,0.003493
45.751006,144.329634,1.311580,-0.015606,0.003478
46.135468,144.832734,1.305618,-0.015408,0.003464
46.519930,145.333556,1.299732,-0.015212,0.003449
46.904392,145.832130,1.293921,-0.015020,0.003435
47.288854,146.328484,1.288183,-0.014831,0.003420
47.673317,146.822646,1.282517,-0.014645,0.003405
48.057779,147.314643,1.276922,-0.014462,0.003390
48.442241,147.804502,1.271397,-0.014281,0.003374
48.826703,148.292251,1.265941,-0.014104,0.003359
49.211166,148.777915,1.260552,-0.013930,0.003344
49.595628,149.261520,1.255230,-0.013758,0.003328
49.980090,149.743092,1.249973,-0.013589,0.003313
50.364552,150.222655,1.244781,-0.013423,0.003297
50.749015,150.700235,1.239653,-0.013259,0.003282
51.133477,151.175855,1.234586,-0.013098,0.003266
51.517939,151.649538,1.229581,-0.012939,0.003250
51.902401,152.121310,1.224637,-0.012784,0.003235
52.286863,152.591192,1.219752,-0.012630,0.003219
52.671326,153.059207,1.214925,-0.012479,0.003203
53.055788,153.525377,1.210156,-0.012331,0.003187
53.440250,153.989725,1.205444,-0.012185,0.003171
53.824712,154.452272,1.200787,-0.012041,0.003156
54.209175,154.913040,1.196185,-0.011899,0.003140
54.593637,155.372048,1.191637,-0.011760,0.003124
54.978099,155.829319,1.187142,-0.011623,0.003108
55.362561,156.284871,1.182700,-0.011489,0.003092
55.747024,156.738725,1.178309,-0.011356,0.003077
56.131486,157.190901,1.173968,-0.011226,0.003061
56.515948,157.641418,1.169677,-0.011097,0.003045
56.900410,158.090294,1.165435,-0.010971,0.003029
57.284872,158.537549,1.161241,-0.010847,0.003014
57.669335,158.983201,1.157095,-0.010725,0.002998
58.053797,159.427268,1.152995,-0.010604,0.002983
58.438259,159.869767,1.148941,-0.010486,0.002967
58.822721,160.310716,1.144932,-0.010370,0.002952
59.207184,160.750133,1.140967,-0.010255,0.002937
59.591646,161.188034,1.137046,-0.010142,0.002921
59.976108,161.624436,1.133168,-0.010032,0.002906
60.360570,162.059355,1.129333,-0.009923,0.002891
60.745033,162.492807,1.125539,-0.009815,0.002876
61.129495,162.924809,1.121785,-0.009710,0.002861
61.513957,163.355375,1.118072,-0.009606,0.002846
61.898419,163.784522,1.114399,-0.009504,0.002831
62.282881,164.212264,1.110765,-0.009404,0.002817
62.667344,164.638616,1.107168,-0.009305,0.002802
63.051806,165.063593,1.103610,-0.009208,0.002788
63.436268,165.487209,1.100088,-0.009112,0.002773
63.820730,165.909478,1.096603,-0.009018,0.002759
64.205193,166.330414,1.093154,-0.008926,0.002745
64.589655,166.750030,1.089740,-0.008835,0.002731
64.974117,167.168341,1.086360,-0.008746,0.002717
65.358579,167.585359,1.083015,-0.008658,0.002703
65.743042,168.001098,1.079703,-0.008571,0.002689
66.127504,168.415570,1.076424,-0.008486,0.002676
66.511966,168.828787,1.073178,-0.008403,0.002662
66.896428,169.240762,1.069963,-0.008321,0.002649
67.280890,169.651508,1.066780,-0.008240,0.002636
67.665353,170.061036,1.063627,-0.008161,0.002623
68.049815,170.469357,1.060505,-0.008083,0.002610
68.434277,170.876484,1.057412,-0.008006,0.002597
68.818739,171.282427,1.054349,-0.007931,0.002584
69.203202,171.687199,1.051314,-0.007857,0.002572
69.587664,172.090809,1.048308,-0.007784,0.002560
69.972126,172.493268,1.045329,-0.007712,0.002548
70.356588,172.894588,1.042378,-0.007642,0.002536
70.741051,173.294778,1.039453,-0.007573,0.002524
71.125513,173.693849,1.036555,-0.007505,0.002512
71.509975,174.091810,1.033682,-0.007439,0.002500
71.894437,174.488672,1.030835,-0.007373,0.002489
72.278899,174.884444,1.028012,-0.007309,0.002478
72.663362,175.279136,1.025214,-0.007246,0.002467
73.047824,175.672757,1.022440,-0.007184,0.002456
73.432286,176.065316,1.019690,-0.007124,0.002445
73.816748,176.456821,1.016963,-0.007064,0.002435
74.201211,176.847283,1.014258,-0.007006,0.002425
74.585673,177.236709,1.011576,-0.006949,0.002414
74.970135,177.625109,1.008915,-0.006892,0.002404
75.354597,178.012489,1.006276,-0.006837,0.002395
75.739060,178.398859,1.003658,-0.006783,0.002385
76.123522,178.784226,1.001060,-0.006730,0.002376
76.507984,179.168599,0.998483,-0.006678,0.002366
76.892446,179.551984,0.995925,-0.006627,0.002357
77.276908,179.934390,0.993387,-0.006577,0.002349
77.661371,180.315824,0.990868,-0.006529,0.002340
78.045833,180.696293,0.988367,-0.006481,0.002332
78.430295,181.075804,0.985885,-0.006434,0.002323
78.814757,181.454364,0.983420,-0.006388,0.002315
79.199220,181.831979,0.980972,-0.006343,0.002308
79.583682,182.208657,0.978542,-0.006300,0.002300
79.968144,182.584404,0.976128,-0.006257,0.002293
80.352606,182.959226,0.973731,-0.006215,0.002286
80.737069,183.333130,0.971350,-0.006174,0.002279
81.121531,183.706121,0.968984,-0.006134,0.002272
81.505993,184.078205,0.966633,-0.006095,0.002266
81.890455,184.449389,0.964297,-0.006057,0.002259
82.274917,184.819677,0.961976,-0.006020,0.002253
82.659380,185.189075,0.959668,-0.005984,0.002247
83.043842,185.557589,0.957375,-0.005948,0.002242
83.428304,185.925224,0.955094,-0.005914,0.002237
83.812766,186.291985,0.952827,-0.005880,0.002231
84.197229,186.657876,0.950573,-0.005848,0.002227
84.581691,187.022904,0.948331,-0.005816,0.002222
84.966153,187.387071,0.946101,-0.005785,0.002218
85.350615,187.750384,0.943882,-0.005755,0.002213
85.735078,188.112845,0.941675,-0.005726,0.002210
86.119540,188.474461,0.939479,-0.005698,0.002206
86.504002,188.835234,0.937294,-0.005671,0.002203
86.888464,189.195169,0.935119,-0.005644,0.002199
87.272926,189.554269,0.932954,-0.005619,0.002197
87.657389,189.912540,0.930798,-0.005594,0.002194
88.041851,190.269983,0.928652,-0.005570,0.002192
88.426313,190.626603,0.926515,-0.005547,0.002190
88.810775,190.982403,0.924387,-0.005525,0.002188
89.195238,191.337387,0.922267,-0.005504,0.002186
89.579700,191.691557,0.920155,-0.005483,0.002185
89.964162,192.044916,0.918051,-0.005463,0.002184
90.348624,192.397468,0.915954,-0.005444,0.002183
90.733087,192.749216,0.913865,-0.005426,0.002183
91.117549,193.100161,0.911782,-0.005409,0.002183
91.502011,193.450307,0.909706,-0.005392,0.002183
91.886473,193.799656,0.907635,-0.005377,0.002183
92.270935,194.148210,0.905571,-0.005362,0.002184
92.655398,194.495972,0.903513,-0.005348,0.002185
93.039860,194.842943,0.901459,-0.005334,0.002186
93.424322,195.189126,0.899411,-0.005322,0.002187
93.808784,195.534522,0.897367,-0.005310,0.002189
94.193247,195.879133,0.895328,-0.005299,0.002191
94.577709,196.222961,0.893292,-0.005289,0.002194
94.962171,196.566007,0.891261,-0.005280,0.002197
95.346633,196.908273,0.889232,-0.005271,0.002200
95.731096,197.249760,0.887207,-0.005263,0.002203
96.115558,197.590469,0.885185,-0.005256,0.002207
96.500020,197.930401,0.883166,-0.005250,0.002211
96.884482,198.269557,0.881149,-0.005244,0.002215
97.268944,198.607937,0.879133,-0.005239,0.002220
97.653407,198.945544,0.877120,-0.005235,0.002224
98.037869,199.282376,0.875108,-0.005232,0.002230
98.422331,199.618436,0.873097,-0.005229,0.002235
98.806793,199.953722,0.871087,-0.005228,0.002241
99.191256,200.288236,0.869077,-0.005226,0.002247
99.575718,200.621977,0.867068,-0.005226,0.002254
99.960180,200.954946,0.865059,-0.005226,0.002261
100.344642,201.287142,0.863049,-0.005227,0.002268
100.729105,201.618565,0.861039,-0.005229,0.002276
101.113567,201.949216,0.859029,-0.005232,0.002283
101.498029,202.279093,0.857017,-0.005235,0.002292
101.882491,202.608197,0.855003,-0.005239,0.002300
102.266953,202.936526,0.852988,-0.005243,0.002309
102.651416,203.264081,0.850972,-0.005249,0.002318
103.035878,203.590859,0.848952,-0.005255,0.002328
103.420340,203.916861,0.846931,-0.005261,0.002338
103.804802,204.242085,0.844907,-0.005269,0.002348
104.189265,204.566530,0.842880,-0.005277,0.002359
104.573727,204.890196,0.840849,-0.005286,0.002370
104.958189,205.213080,0.838815,-0.005295,0.002381
105.342651,205.535181,0.836778,-0.005305,0.002393
105.727114,205.856499,0.834736,-0.005316,0.002405
106.111576,206.177030,0.832690,-0.005328,0.002418
106.496038,206.496774,0.830639,-0.005340,0.002431
106.880500,206.815729,0.828584,-0.005353,0.002444
107.264962,207.133893,0.826524,-0.005366,0.002457
107.649425,207.451263,0.824458,-0.005380,0.002471
108.033887,207.767839,0.822387,-0.005395,0.002486
108.418349,208.083617,0.820310,-0.005410,0.002500
108.802811,208.398595,0.818227,-0.005426,0.002515
109.187274,208.712771,0.816137,-0.005443,0.002531
109.571736,209.026143,0.814042,-0.005460,0.002547
109.956198,209.338708,0.811939,-0.005478,0.002563
110.340660,209.650463,0.809829,-0.005496,0.002580
110.725123,209.961405,0.807713,-0.005516,0.002597
111.109585,210.271533,0.805588,-0.005535,0.002614
111.494047,210.580842,0.803456,-0.005556,0.002632
111.878509,210.889330,0.801317,-0.005577,0.002650
112.262971,211.196994,0.799168,-0.005598,0.002669
112.647434,211.503830,0.797012,-0.005620,0.002688
113.031896,211.809836,0.794847,-0.005643,0.002707
113.416358,212.115008,0.792673,-0.005666,0.002727
113.800820,212.419342,0.790490,-0.005690,0.002747
114.185283,212.722835,0.788298,-0.005714,0.002768
114.569745,213.025483,0.786096,-0.005739,0.002789
114.954207,213.327284,0.783885,-0.005765,0.002810
115.338669,213.628232,0.781664,-0.005791,0.002832
115.723132,213.928324,0.779432,-0.005817,0.002854
116.107594,214.227556,0.777191,-0.005844,0.002877
116.492056,214.525925,0.774938,-0.005872,0.002900
116.876518,214.823425,0.772676,-0.005900,0.002923
117.260980,215.120054,0.770402,-0.005929,0.002947
117.645443,215.415806,0.768117,-0.005958,0.002972
118.029905,215.710678,0.765820,-0.005988,0.002996
118.414367,216.004664,0.763513,-0.006018,0.003022
118.798829,216.297761,0.761193,-0.006048,0.003047
119.183292,216.589964,0.758862,-0.006079,0.003073
119.567754,216.881269,0.756519,-0.006111,0.003100
119.952216,217.171670,0.754163,-0.006143,0.003126
120.336678,217.461163,0.751795,-0.006176,0.003154
120.721141,217.749744,0.749415,-0.006208,0.003181
121.105603,218.037406,0.747021,-0.006242,0.003210
121.490065,218.324147,0.744615,-0.006276,0.003238
121.874527,218.609959,0.742196,-0.006310,0.003267
122.258989,218.894839,0.739763,-0.006344,0.003296
122.643452,219.178781,0.737318,-0.006379,0.003326
123.027914,219.461781,0.734858,-0.006415,0.003357
123.412376,219.743832,0.732385,-0.006451,0.003387
123.796838,220.024929,0.729898,-0.006487,0.003418
124.181301,220.305068,0.727397,-0.006523,0.003450
124.565763,220.584243,0.724882,-0.006560,0.003482
124.950225,220.862448,0.722353,-0.006597,0.003514
125.334687,221.139678,0.719809,-0.006635,0.003547
125.719150,221.415927,0.717251,-0.006673,0.003580
126.103612,221.691189,0.714678,-0.006711,0.003614
126.488074,221.965460,0.712091,-0.006750,0.003648
126.872536,222.238733,0.709488,-0.006789,0.003683
127.256998,222.511003,0.706871,-0.006828,0.003718
127.641461,222.782264,0.704238,-0.006867,0.003753
128.025923,223.052509,0.701590,-0.006907,0.003789
128.410385,223.321734,0.698927,-0.006947,0.003825
128.794847,223.589931,0.696249,-0.006987,0.003862
129.179310,223.857096,0.693555,-0.007027,0.003899
129.563772,224.123223,0.690845,-0.007068,0.003936
129.948234,224.388304,0.688120,-0.007109,0.003974
130.332696,224.652335,0.685379,-0.007150,0.004013
130.717159,224.915309,0.682622,-0.007191,0.004051
131.101621,225.177220,0.679850,-0.007233,0.004091
131.486083,225.438062,0.677061,-0.007274,0.004130
131.870545,225.697829,0.674256,-0.007316,0.004170
132.255008,225.956514,0.671435,-0.007358,0.004211
132.639470,226.214112,0.668599,-0.007400,0.004251
133.023932,226.470616,0.665745,-0.007442,0.004292
133.408394,226.726020,0.662876,-0.007484,0.004334
133.792856,226.980317,0.659990,-0.007527,0.004376
134.177319,227.233503,0.657088,-0.007569,0.004418
134.561781,227.485569,0.654170,-0.007612,0.004461
134.946243,227.736510,0.651235,-0.007654,0.004504
135.330705,227.986320,0.648284,-0.007697,0.004547
135.715168,228.234992,0.645317,-0.007740,0.004591
136.099630,228.482520,0.642333,-0.007782,0.004635
136.484092,228.728897,0.639333,-0.007825,0.004680
136.868554,228.974118,0.636316,-0.007868,0.004725
137.253017,229.218177,0.633283,-0.007911,0.004770
137.637479,229.461065,0.630234,-0.007953,0.004816
138.021941,229.702779,0.627168,-0.007996,0.004862
138.406403,229.943310,0.624085,-0.008038,0.004908
138.790865,230.182653,0.620987,-0.008081,0.004954
139.175328,230.420802,0.617872,-0.008123,0.005001
139.559790,230.657750,0.614741,-0.008165,0.005048
139.944252,230.893491,0.611593,-0.008208,0.005096
140.328714,231.128019,0.608430,-0.008250,0.005144
140.713177,231.361328,0.605250,-0.008291,0.005192
141.097639,231.593411,0.602054,-0.008333,0.005240
141.482101,231.824262,0.598842,-0.008375,0.005288
141.866563,232.053875,0.595615,-0.008416,0.005337
142.251026,232.282245,0.592371,-0.008457,0.005386
142.635488,232.509364,0.589112,-0.008498,0.005436
143.019950,232.735227,0.585837,-0.008539,0.005485
143.404412,232.959828,0.582546,-0.008579,0.005535
143.788874,233.183161,0.579240,-0.008620,0.005585
144.173337,233.405219,0.575918,-0.008660,0.005635
144.557799,233.625998,0.572581,-0.008699,0.005685
144.942261,233.845491,0.569229,-0.008738,0.005736
145.326723,234.063692,0.565862,-0.008777,0.005786
145.711186,234.280596,0.562480,-0.008816,0.005837
146.095648,234.496197,0.559083,-0.008854,0.005888
146.480110,234.710489,0.555671,-0.008892,0.005939
146.864572,234.923466,0.552245,-0.008930,0.005990
147.249035,235.135124,0.548805,-0.008967,0.006041
147.633497,235.345456,0.545350,-0.009004,0.006093
148.017959,235.554457,0.541882,-0.009040,0.006144
148.402421,235.762122,0.538399,-0.009076,0.006196
148.786883,235.968445,0.534903,-0.009112,0.006247
149.171346,236.173422,0.531393,-0.009147,0.006298
149.555808,236.377046,0.527870,-0.009181,0.006350
149.940270,236.579314,0.524334,-0.009215,0.006401
150.324732,236.780219,0.520784,-0.009248,0.006453
150.709195,236.979758,0.517222,-0.009281,0.006504
151.093657,237.177924,0.513648,-0.009314,0.006555
151.478119,237.374714,0.510061,-0.009345,0.006606
151.862581,237.570122,0.506462,-0.009377,0.006657
152.247044,237.764145,0.502851,-0.009407,0.006708
152.631506,237.956776,0.499228,-0.009437,0.006759
153.015968,238.148013,0.495594,-0.009467,0.006810
153.400430,238.337851,0.491949,-0.009495,0.006860
153.784892,238.526285,0.488293,-0.009524,0.006910
154.169355,238.713311,0.484626,-0.009551,0.006960
154.553817,238.898926,0.480949,-0.009578,0.007010
154.938279,239.083124,0.477261,-0.009604,0.007059
155.322741,239.265904,0.473564,-0.009629,0.007108
155.707204,239.447260,0.469857,-0.009654,0.007157
156.091666,239.627188,0.466141,-0.009678,0.007206
156.476128,239.805687,0.462416,-0.009701,0.007254
156.860590,239.982751,0.458682,-0.009723,0.007302
157.245053,240.158379,0.454940,-0.009745,0.007349
157.629515,240.332566,0.451189,-0.009765,0.007396
158.013977,240.505309,0.447431,-0.009785,0.007442
158.398439,240.676606,0.443665,-0.009804,0.007488
158.782901,240.846454,0.439892,-0.009823,0.007534
159.167364,241.014850,0.436112,-0.009840,0.007578
159.551826,241.181791,0.432326,-0.009857,0.007623
159.936288,241.347275,0.428533,-0.009872,0.007666
160.320750,241.511300,0.424734,-0.009887,0.007710
160.705213,241.673864,0.420930,-0.009901,0.007752
161.089675,241.834964,0.417121,-0.009914,0.007794
161.474137,241.994599,0.413307,-0.009926,0.007835
161.858599,242.152766,0.409489,-0.009937,0.007876
162.243062,242.309465,0.405666,-0.009947,0.007915
162.627524,242.464693,0.401840,-0.009957,0.007954
163.011986,242.618449,0.398010,-0.009965,0.007992
163.396448,242.770733,0.394178,-0.009972,0.008030
163.780910,242.921542,0.390343,-0.009978,0.008066
164.165373,243.070876,0.386505,-0.009983,0.008102
164.549835,243.218735,0.382666,-0.009988,0.008137
164.934297,243.365118,0.378825,-0.009991,0.008170
165.318759,243.510023,0.374984,-0.009993,0.008203
165.703222,243.653452,0.371142,-0.009994,0.008235
166.087684,243.795403,0.367299,-0.009994,0.008266
166.472146,243.935877,0.363457,-0.009993,0.008296
166.856608,244.074874,0.359615,-0.009991,0.008325
167.241071,244.212394,0.355775,-0.009988,0.008353
167.625533,244.348438,0.351935,-0.009983,0.008379
168.009995,244.483006,0.348098,-0.009978,0.008405
168.394457,244.616099,0.344263,-0.009971,0.008429
168.778919,244.747718,0.340431,-0.009964,0.008453
169.163382,244.877864,0.336602,-0.009955,0.008475
169.547844,245.006539,0.332776,-0.009945,0.008496
169.932306,245.133744,0.328954,-0.009934,0.008515
170.316768,245.259480,0.325137,-0.009922,0.008534
170.701231,245.383750,0.321325,-0.009909,0.008551
171.085693,245.506555,0.317518,-0.009894,0.008567
171.470155,245.627898,0.313717,-0.009879,0.008581
171.854617,245.747780,0.309922,-0.009862,0.008594
172.239080,245.866205,0.306134,-0.009844,0.008606
172.623542,245.983174,0.302353,-0.009825,0.008616
173.008004,246.098692,0.298580,-0.009804,0.008626
173.392466,246.212760,0.294815,-0.009783,0.008633
173.776928,246.325382,0.291058,-0.009760,0.008639
174.161391,246.436561,0.287310,-0.009736,0.008644
174.545853,246.546301,0.283571,-0.009711,0.008647
174.930315,246.654606,0.279843,-0.009685,0.008649
175.314777,246.761479,0.276124,-0.009657,0.008650
175.699240,246.866925,0.272417,-0.009629,0.008648
176.083702,246.970947,0.268721,-0.009599,0.008646
176.468164,247.073551,0.265036,-0.009568,0.008642
176.852626,247.174740,0.261363,-0.009536,0.008636
177.237089,247.274519,0.257704,-0.009502,0.008629
177.621551,247.372894,0.254057,-0.009468,0.008620
178.006013,247.469870,0.250424,-0.009432,0.008610
178.390475,247.565451,0.246804,-0.009395,0.008598
178.774937,247.659644,0.243200,-0.009357,0.008584
179.159400,247.752453,0.239610,-0.009318,0.008569
179.543862,247.843886,0.236035,-0.009277,0.008552
179.928324,247.933947,0.232476,-0.009235,0.008534
180.312786,248.022642,0.228934,-0.009193,0.008514
180.697249,248.109979,0.225408,-0.009149,0.008493
181.081711,248.195964,0.221899,-0.009103,0.008470
181.466173,248.280603,0.218408,-0.009057,0.008446
181.850635,248.363904,0.214935,-0.009010,0.008419
182.235098,248.445872,0.211480,-0.008961,0.008392
182.619560,248.526516,0.208045,-0.008911,0.008363
183.004022,248.605843,0.204628,-0.008860,0.008332
183.388484,248.683860,0.201232,-0.008808,0.008299
183.772946,248.760575,0.197855,-0.008755,0.008265
184.157409,248.835996,0.194500,-0.008701,0.008230
184.541871,248.910130,0.191165,-0.008646,0.008193
184.926333,248.982987,0.187851,-0.008590,0.008154
185.310795,249.054574,0.184560,-0.008532,0.008114
185.695258,249.124899,0.181291,-0.008474,0.008073
186.079720,249.193973,0.178044,-0.008414,0.008030
186.464182,249.261802,0.174821,-0.008354,0.007985
186.848644,249.328396,0.171621,-0.008292,0.007939
187.233107,249.393765,0.168444,-0.008230,0.007892
187.617569,249.457918,0.165293,-0.008166,0.007843
188.002031,249.520863,0.162165,-0.008102,0.007792
188.386493,249.582610,0.159063,-0.008036,0.007741
188.770955,249.643170,0.155986,-0.007970,0.007688
189.155418,249.702552,0.152935,-0.007903,0.007633
189.539880,249.760765,0.149909,-0.007834,0.007577
189.924342,249.817821,0.146911,-0.007765,0.007520
190.308804,249.873728,0.143939,-0.007695,0.007462
190.693267,249.928499,0.140994,-0.007624,0.007402
191.077729,249.982142,0.138076,-0.007552,0.007342
191.462191,250.034669,0.135186,-0.007480,0.007279
191.846653,250.086090,0.132325,-0.007406,0.007216
192.231116,250.136416,0.129491,-0.007332,0.007152
192.615578,250.185659,0.126687,-0.007257,0.007086
193.000040,250.233829,0.123911,-0.007182,0.007019
193.384502,250.280937,0.121165,-0.007105,0.006952
193.768964,250.326995,0.118448,-0.007028,0.006883
194.153427,250.372015,0.115761,-0.006950,0.006813
194.537889,250.416006,0.113103,-0.006872,0.006742
194.922351,250.458983,0.110477,-0.006793,0.006670
195.306813,250.500955,0.107881,-0.006713,0.006597
195.691276,250.541935,0.105315,-0.006632,0.006524
196.075738,250.581934,0.102781,-0.006551,0.006449
196.460200,250.620965,0.100277,-0.006470,0.006374
196.844662,250.659040,0.097806,-0.006388,0.006297
197.229125,250.696170,0.095366,-0.006305,0.006220
197.613587,250.732369,0.092957,-0.006222,0.006143
197.998049,250.767648,0.090581,-0.006139,0.006064
198.382511,250.802019,0.088237,-0.006055,0.005985
198.766973,250.835495,0.085925,-0.005971,0.005905
199.151436,250.868089,0.083646,-0.005886,0.005825
199.535898,250.899813,0.081399,-0.005801,0.005744
199.920360,250.930679,0.079186,-0.005716,0.005662
200.304822,250.960700,0.077005,-0.005630,0.005580
200.689285,250.989890,0.074857,-0.005544,0.005498
201.073747,251.018260,0.072742,-0.005458,0.005415
201.458209,251.045823,0.070660,-0.005371,0.005331
201.842671,251.072592,0.068612,-0.005285,0.005248
202.227134,251.098580,0.066596,-0.005198,0.005164
202.611596,251.123799,0.064615,-0.005111,0.005079
202.996058,251.148264,0.062666,-0.005024,0.004995
203.380520,251.171985,0.060752,-0.004937,0.004910
203.764982,251.194977,0.058870,-0.004850,0.004825
204.149445,251.217252,0.057023,-0.004763,0.004739
204.533907,251.238823,0.055208,-0.004675,0.004654
204.918369,251.259703,0.053427,-0.004588,0.004569
205.302831,251.279905,0.051680,-0.004501,0.004483
205.687294,251.299441,0.049966,-0.004414,0.004398
206.071756,251.318325,0.048286,-0.004327,0.004312
206.456218,251.336569,0.046639,-0.004241,0.004227
206.840680,251.354187,0.045025,-0.004154,0.004142
207.225143,251.371190,0.043444,-0.004068,0.004056
207.609605,251.387592,0.041897,-0.003982,0.003971
207.994067,251.403406,0.040383,-0.003896,0.003887
208.378529,251.418643,0.038901,-0.003811,0.003802
208.762991,251.433318,0.037453,-0.003725,0.003718
209.147454,251.447442,0.036037,-0.003641,0.003633
209.531916,251.461027,0.034653,-0.003556,0.003550
209.916378,251.474087,0.033302,-0.003472,0.003466
210.300840,251.486634,0.031984,-0.003389,0.003383
210.685303,251.498680,0.030697,-0.003305,0.003301
211.069765,251.510238,0.029442,-0.003223,0.003219
211.454227,251.521319,0.028219,-0.003141,0.003137
211.838689,251.531936,0.027027,-0.003059,0.003056
212.223152,251.542101,0.025867,-0.002978,0.002975
212.607614,251.551825,0.024737,-0.002898,0.002895
212.992076,251.561122,0.023638,-0.002818,0.002816
213.376538,251.570001,0.022570,-0.002739,0.002737
213.761001,251.578476,0.021532,-0.002661,0.002659
214.145463,251.586558,0.020524,-0.002583,0.002581
214.529925,251.594258,0.019546,-0.002506,0.002505
214.914387,251.601588,0.018597,-0.002430,0.002429
215.298849,251.608558,0.017678,-0.002355,0.002353
215.683312,251.615180,0.016787,-0.002280,0.002279
216.067774,251.621466,0.015925,-0.002206,0.002205
216.452236,251.627425,0.015091,-0.002133,0.002133
216.836698,251.633069,0.014284,-0.002061,0.002061
217.221161,251.638409,0.013505,-0.001990,0.001990
217.605623,251.643454,0.012754,-0.001920,0.001920
217.990085,251.648216,0.012029,-0.001851,0.001851
218.374547,251.652703,0.011330,-0.001783,0.001783
218.759010,251.656928,0.010658,-0.001716,0.001715
219.143472,251.660898,0.010011,-0.001650,0.001649
219.527934,251.664625,0.009389,-0.001584,0.001584
219.912396,251.668118,0.008793,-0.001520,0.001520
220.296858,251.671386,0.008220,-0.001457,0.001457
220.681321,251.674439,0.007672,-0.001396,0.001395
221.065783,251.677286,0.007147,-0.001335,0.001335
221.450245,251.679935,0.006646,-0.001275,0.001275
221.834707,251.682396,0.006167,-0.001217,0.001217
222.219170,251.684677,0.005710,-0.001159,0.001159
222.603632,251.686786,0.005275,-0.001103,0.001103
222.988094,251.688733,0.004862,-0.001048,0.001048
223.372556,251.690525,0.004470,-0.000994,0.000994
223.757019,251.692170,0.004097,-0.000942,0.000942
224.141481,251.693676,0.003745,-0.000890,0.000890
224.525943,251.695050,0.003413,-0.000840,0.000840
224.910405,251.696300,0.003099,-0.000791,0.000791
225.294867,251.697433,0.002804,-0.000744,0.000744
225.679330,251.698456,0.002527,-0.000698,0.000698
226.063792,251.699376,0.002268,-0.000652,0.000652
226.448254,251.700200,0.002026,-0.000609,0.000609
226.832716,251.700934,0.001800,-0.000566,0.000566
227.217179,251.701584,0.001590,-0.000525,0.000525
227.601641,251.702157,0.001396,-0.000485,0.000485
227.986103,251.702657,0.001217,-0.000446,0.000446
228.370565,251.703092,0.001053,-0.000409,0.000409
228.755028,251.703467,0.000903,-0.000373,0.000373
229.139490,251.703787,0.000766,-0.000338,0.000338
229.523952,251.704056,0.000642,-0.000305,0.000305
229.908414,251.704281,0.000532,-0.000273,0.000273
230.292876,251.704465,0.000433,-0.000242,0.000242
230.677339,251.704613,0.000345,-0.000212,0.000212
231.061801,251.704730,0.000269,-0.000184,0.000184
231.446263,251.704820,0.000204,-0.000157,0.000157
231.830725,251.704887,0.000148,-0.000132,0.000132
232.215188,251.704935,0.000103,-0.000107,0.000107
232.599650,251.704966,0.000066,-0.000084,0.000084
232.984112,251.704985,0.000038,-0.000062,0.000062
233.368574,251.704995,0.000018,-0.000041,0.000041
233.753037,251.704999,0.000006,-0.000022,0.000022
234.137499,251.705000,0.000001,-0.000008,0.000008
234.521961,251.705000,0.000000,-0.000001,0.000001
234.906423,251.705000,0.000000,-0.000000,0.000000
235.290885,251.705000,0.000000,-0.000000,0.000000
235.675348,251.705000,0.000000,-0.000000,0.000000
236.059810,251.705000,-0.000000,0.000000,0.000000
236.444272,251.705000,0.000000,0.000000,0.000000
236.828734,251.705000,0.000000,-0.000000,0.000000
237.213197,251.705000,-0.000000,0.000000,0.000000
237.597659,251.705000,0.000000,0.000000,0.000000
237.982121,251.705000,0.000000,-0.000000,0.000000
238.366583,251.705000,-0.000000,0.000000,0.000000
238.751046,251.705000,0.000000,0.000000,0.000000
239.135508,251.705000,0.000000,-0.000000,0.000000
239.519970,251.705000,-0.000000,0.000000,0.000000
239.904432,251.705000,0.000000,0.000000,0.000000
240.288894,251.705000,0.000000,-0.000000,0.000000
240.673357,251.705000,0.000000,-0.000000,0.000000
241.057819,251.705000,-0.000000,0.000000,0.000000
241.442281,251.705000,0.000000,0.000000,0.000000
241.826743,251.705000,0.000000,-0.000000,0.000000
242.211206,251.705000,-0.000000,0.000000,0.000000
242.595668,251.705000,0.000000,0.000000,0.000000
242.980130,251.705000,0.000000,-0.000000,0.000000
243.364592,251.705000,-0.000000,0.000000,0.000000
243.749055,251.705000,0.000000,0.000000,0.000000
244.133517,251.705000,0.000000,-0.000000,0.000000
244.517979,251.705000,-0.000000,0.000000,0.000000
244.902441,251.705000,0.000000,0.000000,0.000000
245.286903,251.705000,0.000000,-0.000000,0.000000
245.671366,251.705000,-0.000000,0.000000,0.000000
246.055828,251.705000,0.000000,0.000000,0.000000
246.440290,251.705000,0.000000,-0.000000,0.000000
246.824752,251.705000,0.000000,-0.000000,0.000000
247.209215,251.705000,-0.000000,0.000000,0.000000
247.593677,251.705000,0.000000,0.000000,0.000000
247.978139,251.705000,0.000000,-0.000000,0.000000
248.362601,251.705000,-0.000000,0.000000,0.000000
248.747064,251.705000,0.000000,0.000000,0.000000
249.131526,251.705000,0.000000,-0.000000,0.000000
249.515988,251.705000,-0.000000,0.000000,0.000000
249.900450,251.705000,0.000000,0.000000,0.000000
250.284912,251.705000,0.000000,-0.000000,0.000000
250.669375,251.705000,-0.000000,0.000000,0.000000
251.053837,251.705000,0.000000,0.000000,0.000000
251.438299,251.705000,0.000000,-0.000000,0.000000
251.822761,251.705000,0.000000,-0.000000,0.000000
252.207224,251.705000,-0.000000,0.000000,0.000000
252.591686,251.705000,0.000000,0.000000,0.000000
252.976148,251.705000,0.000000,-0.000000,0.000000
253.360610,251.705000,-0.000000,0.000000,0.000000
253.745073,251.705000,0.000000,0.000000,0.000000
254.129535,251.705000,0.000000,-0.000000,0.000000
254.513997,251.705000,-0.000000,0.000000,0.000000
254.898459,251.705000,0.000000,0.000000,0.000000
255.282921,251.705000,0.000000,-0.000000,0.000000
255.667384,251.705000,-0.000000,0.000000,0.000000
256.051846,251.705000,0.000000,0.000000,0.000000
256.436308,251.705000,0.000000,-0.000000,0.000000
256.820770,251.705000,0.000000,0.000000,0.000000
257.205233,251.705000,0.000000,0.000000,0.000000
257.589695,251.705000,0.000000,0.000000,0.000000
257.974157,251.705000,0.000000,0.000000,0.000000
258.358619,251.705000,0.000000,0.000000,0.000000
258.743082,251.705000,0.000000,0.000000,0.000000
259.127544,251.705000,0.000000,0.000000,0.000000
259.512006,251.705000,0.000000,0.000000,0.000000
259.896468,251.705000,0.000000,0.000000,0.000000
260.280930,251.705000,0.000000,0.000000,0.000000
260.665393,251.705000,0.000000,0.000000,0.000000
261.049855,251.705000,0.000000,0.000000,0.000000
261.434317,251.705000,0.000000,0.000000,0.000000
261.818779,251.705000,0.000000,0.000000,0.000000
262.203242,251.705000,0.000000,0.000000,0.000000
262.587704,251.705000,0.000000,0.000000,0.000000
262.972166,251.705000,0.000000,0.000000,0.000000
263.356628,251.705000,0.000000,0.000000,0.000000
263.741091,251.705000,0.000000,0.000000,0.000000
264.125553,251.705000,0.000000,0.000000,0.000000
264.510015,251.705000,0.000000,0.000000,0.000000
264.894477,251.705000,0.000000,0.000000,0.000000
265.278939,251.705000,0.000000,0.000000,0.000000
265.663402,251.705000,0.000000,0.000000,0.000000
266.047864,251.705000,0.000000,0.000000,0.000000
266.432326,251.705000,0.000000,0.000000,0.000000
266.816788,251.705000,0.000000,0.000000,0.000000
267.201251,251.705000,0.000000,0.000000,0.000000
267.585713,251.705000,0.000000,0.000000,0.000000
267.970175,251.705000,0.000000,0.000000,0.000000
268.354637,251.705000,0.000000,0.000000,0.000000
268.739100,251.705000,0.000000,0.000000,0.000000
269.123562,251.705000,0.000000,0.000000,0.000000
269.508024,251.705000,0.000000,0.000000,0.000000
269.892486,251.705000,0.000000,0.000000,0.000000
270.276948,251.705000,0.000000,0.000000,0.000000
270.661411,251.705000,0.000000,0.000000,0.000000
271.045873,251.705000,0.000000,0.000000,0.000000
271.430335,251.705000,0.000000,0.000000,0.000000
271.814797,251.705000,0.000000,0.000000,0.000000
272.199260,251.705000,0.000000,0.000000,0.000000
272.583722,251.705000,0.000000,0.000000,0.000000
272.968184,251.705000,0.000000,0.000000,0.000000
273.352646,251.705000,0.000000,0.000000,0.000000
273.737109,251.705000,0.000000,0.000000,0.000000
274.121571,251.705000,0.000000,0.000000,0.000000
274.506033,251.705000,0.000000,0.000000,0.000000
274.890495,251.705000,0.000000,0.000000,0.000000
275.274957,251.705000,0.000000,0.000000,0.000000
275.659420,251.705000,0.000000,0.000000,0.000000
276.043882,251.705000,0.000000,0.000000,0.000000
276.428344,251.705000,0.000000,0.000000,0.000000
276.812806,251.705000,0.000000,0.000000,0.000000
277.197269,251.705000,0.000000,0.000000,0.000000
277.581731,251.705000,0.000000,0.000000,0.000000
277.966193,251.705000,0.000000,0.000000,0.000000
278.350655,251.705000,0.000000,0.000000,0.000000
278.735118,251.705000,0.000000,0.000000,0.000000
279.119580,251.705000,0.000000,0.000000,0.000000
279.504042,251.705000,0.000000,0.000000,0.000000
279.888504,251.705000,0.000000,0.000000,0.000000
280.272966,251.705000,0.000000,0.000000,0.000000
280.657429,251.705000,0.000000,0.000000,0.000000
281.041891,251.705000,0.000000,0.000000,0.000000
281.426353,251.705000,0.000000,0.000000,0.000000
281.810815,251.705000,0.000000,0.000000,0.000000
282.195278,251.705000,0.000000,0.000000,0.000000
282.579740,251.705000,0.000000,0.000000,0.000000
282.964202,251.705000,0.000000,0.000000,0.000000
283.348664,251.705000,0.000000,0.000000,0.000000
283.733127,251.705000,0.000000,0.000000,0.000000
284.117589,251.705000,0.000000,0.000000,0.000000
284.502051,251.705000,0.000000,0.000000,0.000000
284.886513,251.705000,0.000000,0.000000,0.000000
285.270975,251.705000,0.000000,0.000000,0.000000
285.655438,251.705000,0.000000,0.000000,0.000000
286.039900,251.705000,0.000000,0.000000,0.000000
286.424362,251.705000,0.000000,0.000000,0.000000
286.808824,251.705000,0.000000,0.000000,0.000000
287.193287,251.705000,0.000000,0.000000,0.000000
287.577749,251.705000,0.000000,0.000000,0.000000
287.962211,251.705000,0.000000,0.000000,0.000000
288.346673,251.705000,0.000000,0.000000,0.000000
288.731136,251.705000,0.000000,0.000000,0.000000
289.115598,251.705000,0.000000,0.000000,0.000000
289.500060,251.705000,0.000000,0.000000,0.000000
289.884522,251.705000,0.000000,0.000000,0.000000
290.268984,251.705000,0.000000,0.000000,0.000000
290.653447,251.705000,0.000000,0.000000,0.000000
291.037909,251.705000,0.000000,0.000000,0.000000
291.422371,251.705000,0.000000,0.000000,0.000000
291.806833,251.705000,0.000000,0.000000,0.000000
292.191296,251.705000,0.000000,0.000000,0.000000
292.575758,251.705000,0.000000,0.000000,0.000000
292.960220,251.705000,0.000000,0.000000,0.000000
293.344682,251.705000,0.000000,0.000000,0.000000
293.729145,251.705000,0.000000,0.000000,0.000000
294.113607,251.705000,0.000000,0.000000,0.000000
294.498069,251.705000,0.000000,0.000000,0.000000
294.882531,251.705000,0.000000,0.000000,0.000000
295.266993,251.705000,0.000000,0.000000,0.000000
295.651456,251.705000,0.000000,0.000000,0.000000
296.035918,251.705000,0.000000,0.000000,0.000000
296.420380,251.705000,0.000000,0.000000,0.000000
296.804842,251.705000,0.000000,0.000000,0.000000
297.189305,251.705000,0.000000,0.000000,0.000000
297.573767,251.705000,0.000000,0.000000,0.000000
297.958229,251.705000,0.000000,0.000000,0.000000
298.342691,251.705000,0.000000,0.000000,0.000000
298.727154,251.705000,0.000000,0.000000,0.000000
299.111616,251.705000,0.000000,0.000000,0.000000
299.496078,251.705000,0.000000,0.000000,0.000000
299.880540,251.705000,0.000000,0.000000,0.000000
300.265003,251.705000,0.000000,0.000000,0.000000
300.649465,251.705000,0.000000,0.000000,0.000000
301.033927,251.705000,0.000000,0.000000,0.000000
301.418389,251.705000,0.000000,0.000000,0.000000
301.802851,251.705000,0.000000,0.000000,0.000000
302.187314,251.705000,0.000000,0.000000,0.000000
302.571776,251.705000,0.000000,0.000000,0.000000
302.956238,251.705000,0.000000,0.000000,0.000000
303.340700,251.705000,0.000000,0.000000,0.000000
303.725163,251.705000,0.000000,0.000000,0.000000
304.109625,251.705000,0.000000,0.000000,0.000000
304.494087,251.705000,0.000000,0.000000,0.000000
304.878549,251.705000,0.000000,0.000000,0.000000
305.263012,251.705000,0.000000,0.000000,0.000000
305.647474,251.705000,0.000000,0.000000,0.000000
306.031936,251.705000,0.000000,0.000000,0.000000
306.416398,251.705000,0.000000,0.000000,0.000000
306.800860,251.705000,0.000000,0.000000,0.000000
307.185323,251.705000,0.000000,0.000000,0.000000
307.569785,251.705000,0.000000,0.000000,0.000000
307.954247,251.705000,0.000000,0.000000,0.000000
308.338709,251.705000,0.000000,0.000000,0.000000
308.723172,251.705000,0.000000,0.000000,0.000000
309.107634,251.705000,0.000000,0.000000,0.000000
309.492096,251.705000,0.000000,0.000000,0.000000
309.876558,251.705000,0.000000,0.000000,0.000000
310.261021,251.705000,0.000000,0.000000,0.000000
310.645483,251.705000,0.000000,0.000000,0.000000
311.029945,251.705000,0.000000,0.000000,0.000000
311.414407,251.705000,0.000000,0.000000,0.000000
311.798869,251.705000,0.000000,0.000000,0.000000
312.183332,251.705000,0.000000,0.000000,0.000000
312.567794,251.705000,0.000000,0.000000,0.000000
312.952256,251.705000,0.000000,0.000000,0.000000
313.336718,251.705000,0.000000,0.000000,0.000000
313.721181,251.705000,0.000000,0.000000,0.000000
314.105643,251.705000,0.000000,0.000000,0.000000
314.490105,251.705000,0.000000,0.000000,0.000000
314.874567,251.705000,0.000000,0.000000,0.000000
315.259030,251.705000,0.000000,0.000000,0.000000
315.643492,251.705000,0.000000,0.000000,0.000000
316.027954,251.705000,0.000000,0.000000,0.000000
316.412416,251.705000,0.000000,0.000000,0.000000
316.796878,251.705000,0.000000,0.000000,0.000000
317.181341,251.705000,0.000000,0.000000,0.000000
317.565803,251.705000,0.000000,0.000000,0.000000
317.950265,251.705000,0.000000,0.000000,0.000000
318.334727,251.705000,0.000000,0.000000,0.000000
318.719190,251.705000,0.000000,0.000000,0.000000
319.103652,251.705000,0.000000,0.000000,0.000000
319.488114,251.705000,0.000000,0.000000,0.000000
319.872576,251.705000,0.000000,0.000000,0.000000
320.257039,251.705000,0.000000,0.000000,0.000000
320.641501,251.705000,0.000000,0.000000,0.000000
321.025963,251.705000,0.000000,0.000000,0.000000
321.410425,251.705000,0.000000,0.000000,0.000000
321.794887,251.705000,0.000000,0.000000,0.000000
322.179350,251.705000,0.000000,0.000000,0.000000
322.563812,251.705000,0.000000,0.000000,0.000000
322.948274,251.705000,0.000000,0.000000,0.000000
323.332736,251.705000,0.000000,0.000000,0.000000
323.717199,251.705000,0.000000,0.000000,0.000000
324.101661,251.705000,0.000000,0.000000,0.000000
324.486123,251.705000,0.000000,0.000000,0.000000
324.870585,251.705000,0.000000,0.000000,0.000000
325.255048,251.705000,0.000000,0.000000,0.000000
325.639510,251.705000,0.000000,0.000000,0.000000
326.023972,251.705000,0.000000,0.000000,0.000000
326.408434,251.705000,0.000000,0.000000,0.000000
326.792896,251.705000,0.000000,0.000000,0.000000
327.177359,251.705000,0.000000,0.000000,0.000000
327.561821,251.705000,0.000000,0.000000,0.000000
327.946283,251.705000,0.000000,0.000000,0.000000
328.330745,251.705000,0.000000,0.000000,0.000000
328.715208,251.705000,0.000000,0.000000,0.000000
329.099670,251.705000,0.000000,0.000000,0.000000
329.484132,251.705000,0.000000,0.000000,0.000000
329.868594,251.705000,0.000000,0.000000,0.000000
330.253057,251.705000,0.000000,0.000000,0.000000
330.637519,251.705000,0.000000,0.000000,0.000000
331.021981,251.705000,0.000000,0.000000,0.000000
331.406443,251.705000,0.000000,0.000000,0.000000
331.790905,251.705000,0.000000,0.000000,0.000000
332.175368,251.705000,0.000000,0.000000,0.000000
332.559830,251.705000,0.000000,0.000000,0.000000
332.944292,251.705000,0.000000,0.000000,0.000000
333.328754,251.705000,0.000000,0.000000,0.000000
333.713217,251.705000,0.000000,0.000000,0.000000
334.097679,251.705000,0.000000,0.000000,0.000000
334.482141,251.705000,0.000000,0.000000,0.000000
334.866603,251.705000,0.000000,0.000000,0.000000
335.251066,251.705000,0.000000,0.000000,0.000000
335.635528,251.705000,0.000000,0.000000,0.000000
336.019990,251.705000,0.000000,0.000000,0.000000
336.404452,251.705000,0.000000,0.000000,0.000000
336.788914,251.705000,0.000000,0.000000,0.000000
337.173377,251.705000,0.000000,0.000000,0.000000
337.557839,251.705000,0.000000,0.000000,0.000000
337.942301,251.705000,0.000000,0.000000,0.000000
338.326763,251.705000,0.000000,0.000000,0.000000
338.711226,251.705000,0.000000,0.000000,0.000000
339.095688,251.705000,0.000000,0.000000,0.000000
339.480150,251.705000,0.000000,0.000000,0.000000
339.864612,251.705000,0.000000,0.000000,0.000000
340.249075,251.705000,0.000000,0.000000,0.000000
340.633537,251.705000,0.000000,0.000000,0.000000
341.017999,251.705000,0.000000,0.000000,0.000000
341.402461,251.705000,0.000000,0.000000,0.000000
341.786923,251.705000,0.000000,0.000000,0.000000
342.171386,251.705000,0.000000,0.000000,0.000000
342.555848,251.705000,0.000000,0.000000,0.000000
342.940310,251.705000,0.000000,0.000000,0.000000
343.324772,251.705000,0.000000,0.000000,0.000000
343.709235,251.705000,0.000000,0.000000,0.000000
344.093697,251.705000,0.000000,0.000000,0.000000
344.478159,251.705000,0.000000,0.000000,0.000000
344.862621,251.705000,0.000000,0.000000,0.000000
345.247084,251.705000,0.000000,0.000000,0.000000
345.631546,251.705000,0.000000,0.000000,0.000000
346.016008,251.705000,0.000000,0.000000,0.000000
346.400470,251.705000,0.000000,0.000000,0.000000
346.784932,251.705000,0.000000,0.000000,0.000000
347.169395,251.705000,0.000000,0.000000,0.000000
347.553857,251.705000,0.000000,0.000000,0.000000
347.938319,251.705000,0.000000,0.000000,0.000000
348.322781,251.705000,0.000000,0.000000,0.000000
348.707244,251.705000,0.000000,0.000000,0.000000
349.091706,251.705000,0.000000,0.000000,0.000000
349.476168,251.705000,0.000000,0.000000,0.000000
349.860630,251.705000,0.000000,0.000000,0.000000
350.245093,251.705000,0.000000,0.000000,0.000000
350.629555,251.705000,0.000000,0.000000,0.000000
351.014017,251.705000,0.000000,0.000000,0.000000
351.398479,251.705000,0.000000,0.000000,0.000000
351.782941,251.705000,0.000000,0.000000,0.000000
352.167404,251.705000,0.000000,0.000000,0.000000
352.551866,251.705000,0.000000,0.000000,0.000000
352.936328,251.705000,0.000000,0.000000,0.000000
353.320790,251.705000,0.000000,0.000000,0.000000
353.705253,251.705000,0.000000,0.000000,0.000000
354.089715,251.705000,0.000000,0.000000,0.000000
354.474177,251.705000,0.000000,0.000000,0.000000
354.858639,251.705000,0.000000,0.000000,0.000000
355.243102,251.705000,0.000000,0.000000,0.000000
355.627564,251.705000,0.000000,0.000000,0.000000
356.012026,251.705000,0.000000,0.000000,0.000000
356.396488,251.705000,0.000000,0.000000,0.000000
356.780950,251.705000,0.000000,0.000000,0.000000
357.165413,251.705000,0.000000,0.000000,0.000000
357.549875,251.705000,0.000000,0.000000,0.000000
357.934337,251.705000,0.000000,0.000000,0.000000
358.318799,251.705000,0.000000,0.000000,0.000000
358.703262,251.705000,0.000000,0.000000,0.000000
359.087724,251.705000,0.000000,0.000000,0.000000
359.472186,251.705000,0.000000,0.000000,0.000000
359.856648,251.705000,0.000000,0.000000,0.000000
360.241111,251.705000,0.000000,0.000000,0.000000
360.625573,251.705000,0.000000,0.000000,0.000000
361.010035,251.705000,0.000000,0.000000,0.000000
361.394497,251.705000,0.000000,0.000000,0.000000
361.778959,251.705000,0.000000,0.000000,0.000000
362.163422,251.705000,0.000000,0.000000,0.000000
362.547884,251.705000,0.000000,0.000000,0.000000
362.932346,251.705000,0.000000,0.000000,0.000000
363.316808,251.705000,0.000000,0.000000,0.000000
363.701271,251.705000,0.000000,0.000000,0.000000
364.085733,251.705000,0.000000,0.000000,0.000000
364.470195,251.705000,0.000000,0.000000,0.000000
364.854657,251.705000,0.000000,0.000000,0.000000
365.239120,251.705000,0.000000,0.000000,0.000000
365.623582,251.705000,0.000000,0.000000,0.000000
366.008044,251.705000,0.000000,0.000000,0.000000
366.392506,251.705000,0.000000,0.000000,0.000000
366.776968,251.705000,0.000000,0.000000,0.000000
367.161431,251.705000,0.000000,0.000000,0.000000
367.545893,251.705000,0.000000,0.000000,0.000000
367.930355,251.705000,0.000000,0.000000,0.000000
368.314817,251.705000,0.000000,0.000000,0.000000
368.699280,251.705000,0.000000,0.000000,0.000000
369.083742,251.705000,0.000000,0.000000,0.000000
369.468204,251.705000,0.000000,0.000000,0.000000
369.852666,251.705000,0.000000,0.000000,0.000000
370.237129,251.705000,0.000000,0.000000,0.000000
370.621591,251.705000,0.000000,0.000000,0.000000
371.006053,251.705000,0.000000,0.000000,0.000000
371.390515,251.705000,0.000000,0.000000,0.000000
371.774977,251.705000,0.000000,0.000000,0.000000
372.159440,251.705000,0.000000,0.000000,0.000000
372.543902,251.705000,0.000000,0.000000,0.000000
372.928364,251.705000,0.000000,0.000000,0.000000
373.312826,251.705000,0.000000,0.000000,0.000000
373.697289,251.705000,0.000000,0.000000,0.000000
374.081751,251.705000,0.000000,0.000000,0.000000
374.466213,251.705000,0.000000,0.000000,0.000000
374.850675,251.705000,0.000000,0.000000,0.000000
375.235138,251.705000,0.000000,0.000000,0.000000
375.619600,251.705000,0.000000,0.000000,0.000000
376.004062,251.705000,0.000000,0.000000,0.000000
376.388524,251.705000,0.000000,0.000000,0.000000
376.772986,251.705000,0.000000,0.000000,0.000000
377.157449,251.705000,0.000000,0.000000,0.000000
377.541911,251.705000,0.000000,0.000000,0.000000
377.926373,251.705000,0.000000,0.000000,0.000000
378.310835,251.705000,0.000000,0.000000,0.000000
378.695298,251.705000,0.000000,0.000000,0.000000
379.079760,251.705000,0.000000,0.000000,0.000000
379.464222,251.705000,0.000000,0.000000,0.000000
379.848684,251.705000,0.000000,0.000000,0.000000
380.233147,251.705000,0.000000,0.000000,0.000000
380.617609,251.705000,0.000000,0.000000,0.000000
381.002071,251.705000,0.000000,0.000000,0.000000
381.386533,251.705000,0.000000,0.000000,0.000000
381.770995,251.705000,0.000000,0.000000,0.000000
382.155458,251.705000,0.000000,0.000000,0.000000
382.539920,251.705000,0.000000,0.000000,0.000000
382.924382,251.705000,0.000000,0.000000,0.000000
383.308844,251.705000,0.000000,0.000000,0.000000
383.693307,251.705000,0.000000,0.000000,0.000000
384.077769,251.705000,0.000000,0.000000,0.000000
384.462231,251.705000,0.000000,0.000000,0.000000
384.846693,251.705000,0.000000,0.000000,0.000000
385.231156,251.705000,0.000000,0.000000,0.000000
385.615618,251.705000,0.000000,0.000000,0.000000
386.000080,251.705000,0.000000,0.000000,0.000000
386.384542,251.705000,0.000000,0.000000,0.000000
386.769005,251.705000,0.000000,0.000000,0.000000
387.153467,251.705000,0.000000,0.000000,0.000000
387.537929,251.705000,0.000000,0.000000,0.000000
387.922391,251.705000,0.000000,0.000000,0.000000
388.306853,251.705000,0.000000,0.000000,0.000000
388.691316,251.705000,0.000000,0.000000,0.000000
389.075778,251.705000,0.000000,0.000000,0.000000
389.460240,251.705000,0.000000,0.000000,0.000000
389.844702,251.705000,0.000000,0.000000,0.000000
390.229165,251.705000,0.000000,0.000000,0.000000
390.613627,251.705000,0.000000,0.000000,0.000000
390.998089,251.705000,0.000000,0.000000,0.000000
391.382551,251.705000,0.000000,0.000000,0.000000
391.767014,251.705000,0.000000,0.000000,0.000000
392.151476,251.705000,0.000000,0.000000,0.000000
392.535938,251.705000,0.000000,0.000000,0.000000
392.920400,251.705000,0.000000,0.000000,0.000000
393.304862,251.705000,0.000000,0.000000,0.000000
393.689325,251.705000,0.000000,0.000000,0.000000
394.073787,251.705000,0.000000,0.000000,0.000000
394.458249,251.705000,0.000000,0.000000,0.000000
394.842711,251.705000,0.000000,0.000000,0.000000
395.227174,251.705000,0.000000,0.000000,0.000000
395.611636,251.705000,0.000000,0.000000,0.000000
395.996098,251.705000,0.000000,0.000000,0.000000
396.380560,251.705000,0.000000,0.000000,0.000000
396.765023,251.705000,0.000000,0.000000,0.000000
397.149485,251.705000,0.000000,0.000000,0.000000
397.533947,251.705000,0.000000,0.000000,0.000000
397.918409,251.705000,0.000000,0.000000,0.000000
398.302871,251.705000,0.000000,0.000000,0.000000
398.687334,251.705000,0.000000,0.000000,0.000000
399.071796,251.705000,0.000000,0.000000,0.000000
399.456258,251.705000,0.000000,0.000000,0.000000
399.840720,251.705000,0.000000,0.000000,0.000000
400.225183,251.705000,0.000000,0.000000,0.000000
400.609645,251.705000,0.000000,0.000000,0.000000
400.994107,251.705000,0.000000,0.000000,0.000000
401.378569,251.705000,0.000000,0.000000,0.000000
401.763032,251.705000,0.000000,0.000000,0.000000
402.147494,251.705000,0.000000,0.000000,0.000000
402.531956,251.705000,0.000000,0.000000,0.000000
402.916418,251.705000,0.000000,0.000000,0.000000
403.300880,251.705000,0.000000,0.000000,0.000000
403.685343,251.705000,0.000000,0.000000,0.000000
404.069805,251.705000,0.000000,0.000000,0.000000
404.454267,251.705000,0.000000,0.000000,0.000000
404.838729,251.705000,0.000000,0.000000,0.000000
405.223192,251.705000,0.000000,0.000000,0.000000
405.607654,251.705000,0.000000,0.000000,0.000000
405.992116,251.705000,0.000000,0.000000,0.000000
406.376578,251.705000,0.000000,0.000000,0.000000
406.761041,251.705000,0.000000,0.000000,0.000000
407.145503,251.705000,0.000000,0.000000,0.000000
407.529965,251.705000,0.000000,0.000000,0.000000
407.914427,251.705000,0.000000,0.000000,0.000000
408.298889,251.705000,0.000000,0.000000,0.000000
408.683352,251.705000,0.000000,0.000000,0.000000
409.067814,251.705000,0.000000,0.000000,0.000000
409.452276,251.705000,0.000000,0.000000,0.000000
409.836738,251.705000,0.000000,0.000000,0.000000
410.221201,251.705000,0.000000,0.000000,0.000000
410.605663,251.705000,0.000000,0.000000,0.000000
410.990125,251.705000,0.000000,0.000000,0.000000
411.374587,251.705000,0.000000,0.000000,0.000000
411.759050,251.705000,0.000000,0.000000,0.000000
412.143512,251.705000,0.000000,0.000000,0.000000
412.527974,251.705000,0.000000,0.000000,0.000000
412.912436,251.705000,0.000000,0.000000,0.000000
413.296898,251.705000,0.000000,0.000000,0.000000
413.681361,251.705000,0.000000,0.000000,0.000000
414.065823,251.705000,0.000000,0.000000,0.000000
414.450285,251.705000,0.000000,0.000000,0.000000
414.834747,251.705000,0.000000,0.000000,0.000000
415.219210,251.705000,0.000000,0.000000,0.000000
415.603672,251.705000,0.000000,0.000000,0.000000
415.988134,251.705000,0.000000,0.000000,0.000000
416.372596,251.705000,0.000000,0.000000,0.000000
416.757059,251.705000,0.000000,0.000000,0.000000
417.141521,251.705000,0.000000,0.000000,0.000000
417.525983,251.705000,0.000000,0.000000,0.000000
417.910445,251.705000,0.000000,0.000000,0.000000
418.294907,251.705000,0.000000,0.000000,0.000000
418.679370,251.705000,0.000000,0.000000,0.000000
419.063832,251.705000,0.000000,0.000000,0.000000
419.448294,251.705000,0.000000,0.000000,0.000000
419.832756,251.705000,0.000000,0.000000,0.000000
420.217219,251.705000,0.000000,0.000000,0.000000
420.601681,251.705000,0.000000,0.000000,0.000000
420.986143,251.705000,0.000000,0.000000,0.000000
421.370605,251.705000,0.000000,0.000000,0.000000
421.755068,251.705000,0.000000,0.000000,0.000000
422.139530,251.705000,0.000000,0.000000,0.000000
422.523992,251.705000,0.000000,0.000000,0.000000
422.908454,251.705000,0.000000,0.000000,0.000000
423.292916,251.705000,0.000000,0.000000,0.000000
423.677379,251.705000,0.000000,0.000000,0.000000
424.061841,251.705000,0.000000,0.000000,0.000000
424.446303,251.705000,0.000000,0.000000,0.000000
424.830765,251.705000,0.000000,0.000000,0.000000
425.215228,251.705000,0.000000,0.000000,0.000000
425.599690,251.705000,0.000000,0.000000,0.000000
425.984152,251.705000,0.000000,0.000000,0.000000
426.368614,251.705000,0.000000,0.000000,0.000000
426.753077,251.705000,0.000000,0.000000,0.000000
427.137539,251.705000,0.000000,0.000000,0.000000
427.522001,251.705000,0.000000,0.000000,0.000000
427.906463,251.705000,0.000000,0.000000,0.000000
428.290925,251.705000,0.000000,0.000000,0.000000
428.675388,251.705000,0.000000,0.000000,0.000000
429.059850,251.705000,0.000000,0.000000,0.000000
429.444312,251.705000,0.000000,0.000000,0.000000
429.828774,251.705000,0.000000,0.000000,0.000000
430.213237,251.705000,0.000000,0.000000,0.000000
430.597699,251.705000,0.000000,0.000000,0.000000
430.982161,251.705000,0.000000,0.000000,0.000000
431.366623,251.705000,0.000000,0.000000,0.000000
431.751086,251.705000,0.000000,0.000000,0.000000
432.135548,251.705000,0.000000,0.000000,0.000000
432.520010,251.705000,0.000000,0.000000,0.000000
432.904472,251.705000,0.000000,0.000000,0.000000
433.288934,251.705000,0.000000,0.000000,0.000000
433.673397,251.705000,0.000000,0.000000,0.000000
434.057859,251.705000,0.000000,0.000000,0.000000
434.442321,251.705000,0.000000,0.000000,0.000000
434.826783,251.705000,0.000000,0.000000,0.000000
435.211246,251.705000,0.000000,0.000000,0.000000
435.595708,251.705000,0.000000,0.000000,0.000000
435.980170,251.705000,0.000000,0.000000,0.000000
436.364632,251.705000,0.000000,0.000000,0.000000
436.749095,251.705000,0.000000,0.000000,0.000000
437.133557,251.705000,0.000000,0.000000,0.000000
437.518019,251.705000,0.000000,0.000000,0.000000
437.902481,251.705000,0.000000,0.000000,0.000000
438.286943,251.705000,0.000000,0.000000,0.000000
438.671406,251.705000,0.000000,0.000000,0.000000
439.055868,251.705000,0.000000,0.000000,0.000000
439.440330,251.705000,0.000000,0.000000,0.000000
439.824792,251.705000,0.000000,0.000000,0.000000
440.209255,251.705000,0.000000,0.000000,0.000000
440.593717,251.705000,0.000000,0.000000,0.000000
440.978179,251.705000,0.000000,0.000000,0.000000
441.362641,251.705000,0.000000,0.000000,0.000000
441.747104,251.705000,0.000000,0.000000,0.000000
442.131566,251.705000,0.000000,0.000000,0.000000
442.516028,251.705000,0.000000,0.000000,0.000000
442.900490,251.705000,0.000000,0.000000,0.000000
443.284952,251.705000,0.000000,0.000000,0.000000
443.669415,251.705000,0.000000,0.000000,0.000000
444.053877,251.705000,0.000000,0.000000,0.000000
444.438339,251.705000,0.000000,0.000000,0.000000
444.822801,251.705000,0.000000,0.000000,0.000000
445.207264,251.705000,0.000000,0.000000,0.000000
445.591726,251.705000,0.000000,0.000000,0.000000
445.976188,251.705000,0.000000,0.000000,0.000000
446.360650,251.705000,0.000000,0.000000,0.000000
446.745113,251.705000,0.000000,0.000000,0.000000
447.129575,251.705000,0.000000,0.000000,0.000000
447.514037,251.705000,0.000000,0.000000,0.000000
447.898499,251.705000,0.000000,0.000000,0.000000
448.282961,251.705000,0.000000,0.000000,0.000000
448.667424,251.705000,0.000000,0.000000,0.000000
449.051886,251.705000,0.000000,0.000000,0.000000
449.436348,251.705000,0.000000,0.000000,0.000000
449.820810,251.705000,0.000000,0.000000,0.000000
450.205273,251.705000,0.000000,0.000000,0.000000
450.589735,251.705000,0.000000,0.000000,0.000000
450.974197,251.705000,0.000000,0.000000,0.000000
451.358659,251.705000,0.000000,0.000000,0.000000
451.743122,251.705000,0.000000,0.000000,0.000000
452.127584,251.705000,0.000000,0.000000,0.000000
452.512046,251.705000,0.000000,0.000000,0.000000
452.896508,251.705000,0.000000,0.000000,0.000000
453.280970,251.705000,0.000000,0.000000,0.000000
453.665433,251.705000,0.000000,0.000000,0.000000
454.049895,251.705000,0.000000,0.000000,0.000000
454.434357,251.705000,0.000000,0.000000,0.000000
454.818819,251.705000,0.000000,0.000000,0.000000
455.203282,251.705000,0.000000,0.000000,0.000000
455.587744,251.705000,0.000000,0.000000,0.000000
455.972206,251.705000,0.000000,0.000000,0.000000
456.356668,251.705000,0.000000,0.000000,0.000000
456.741131,251.705000,0.000000,0.000000,0.000000
457.125593,251.705000,0.000000,0.000000,0.000000
457.510055,251.705000,0.000000,0.000000,0.000000
457.894517,251.705000,0.000000,0.000000,0.000000
458.278979,251.705000,0.000000,0.000000,0.000000
458.663442,251.705000,0.000000,0.000000,0.000000
459.047904,251.705000,0.000000,0.000000,0.000000
459.432366,251.705000,0.000000,0.000000,0.000000
459.816828,251.705000,0.000000,0.000000,0.000000
460.201291,251.705000,0.000000,0.000000,0.000000
460.585753,251.705000,0.000000,0.000000,0.000000
460.970215,251.705000,0.000000,0.000000,0.000000
461.354677,251.705000,0.000000,0.000000,0.000000
461.739140,251.705000,0.000000,0.000000,0.000000
462.123602,251.705000,0.000000,0.000000,0.000000
462.508064,251.705000,0.000000,0.000000,0.000000
462.892526,251.705000,0.000000,0.000000,0.000000
463.276988,251.705000,0.000000,0.000000,0.000000
463.661451,251.705000,0.000000,0.000000,0.000000
464.045913,251.705000,0.000000,0.000000,0.000000
464.430375,251.705000,0.000000,0.000000,0.000000
464.814837,251.705000,0.000000,0.000000,0.000000
465.199300,251.705000,0.000000,0.000000,0.000000
465.583762,251.705000,0.000000,0.000000,0.000000
465.968224,251.705000,0.000000,0.000000,0.000000
466.352686,251.705000,0.000000,0.000000,0.000000
466.737149,251.705000,0.000000,0.000000,0.000000
467.121611,251.705000,0.000000,0.000000,0.000000
467.506073,251.705000,0.000000,0.000000,0.000000
467.890535,251.705000,0.000000,0.000000,0.000000
468.274997,251.705000,0.000000,0.000000,0.000000
468.659460,251.705000,0.000000,0.000000,0.000000
469.043922,251.705000,0.000000,0.000000,0.000000
469.428384,251.705000,0.000000,0.000000,0.000000
469.812846,251.705000,0.000000,0.000000,0.000000
470.197309,251.705000,0.000000,0.000000,0.000000
470.581771,251.705000,0.000000,0.000000,0.000000
470.966233,251.705000,0.000000,0.000000,0.000000
471.350695,251.705000,0.000000,0.000000,0.000000
471.735158,251.705000,0.000000,0.000000,0.000000
472.119620,251.705000,0.000000,0.000000,0.000000
472.504082,251.705000,0.000000,0.000000,0.000000
472.888544,251.705000,0.000000,0.000000,0.000000
473.273007,251.705000,0.000000,0.000000,0.000000
473.657469,251.705000,0.000000,0.000000,0.000000
474.041931,251.705000,0.000000,0.000000,0.000000
474.426393,251.705000,0.000000,0.000000,0.000000
474.810855,251.705000,0.000000,0.000000,0.000000
475.195318,251.705000,0.000000,0.000000,0.000000
475.579780,251.705000,0.000000,0.000000,0.000000
475.964242,251.705000,0.000000,0.000000,0.000000
476.348704,251.705000,0.000000,0.000000,0.000000
476.733167,251.705000,0.000000,0.000000,0.000000
477.117629,251.705000,0.000000,0.000000,0.000000
477.502091,251.705000,0.000000,0.000000,0.000000
477.886553,251.705000,0.000000,0.000000,0.000000
478.271016,251.705000,0.000000,0.000000,0.000000
478.655478,251.705000,0.000000,0.000000,0.000000
479.039940,251.705000,0.000000,0.000000,0.000000
479.424402,251.705000,0.000000,0.000000,0.000000
479.808864,251.705000,0.000000,0.000000,0.000000
480.193327,251.705000,0.000000,0.000000,0.000000
480.577789,251.705000,0.000000,0.000000,0.000000
480.962251,251.705000,0.000000,0.000000,0.000000
481.346713,251.705000,0.000000,0.000000,0.000000
481.731176,251.705000,0.000000,0.000000,0.000000
482.115638,251.705000,0.000000,0.000000,0.000000
482.500100,251.705000,0.000000,0.000000,0.000000
482.884562,251.705000,0.000000,0.000000,0.000000
483.269025,251.705000,0.000000,0.000000,0.000000
483.653487,251.705000,0.000000,0.000000,0.000000
484.037949,251.705000,0.000000,0.000000,0.000000
484.422411,251.705000,0.000000,0.000000,0.000000
484.806873,251.705000,0.000000,0.000000,0.000000
485.191336,251.705000,0.000000,0.000000,0.000000
485.575798,251.705000,0.000000,0.000000,0.000000
485.960260,251.705000,0.000000,0.000000,0.000000
486.344722,251.705000,0.000000,0.000000,0.000000
486.729185,251.705000,0.000000,0.000000,0.000000
487.113647,251.705000,0.000000,0.000000,0.000000
487.498109,251.705000,0.000000,0.000000,0.000000
487.882571,251.705000,0.000000,0.000000,0.000000
488.267034,251.705000,0.000000,0.000000,0.000000
488.651496,251.705000,0.000000,0.000000,0.000000
489.035958,251.705000,0.000000,0.000000,0.000000
489.420420,251.705000,0.000000,0.000000,0.000000
489.804882,251.705000,0.000000,0.000000,0.000000
490.189345,251.705000,0.000000,0.000000,0.000000
490.573807,251.705000,0.000000,0.000000,0.000000
490.958269,251.705000,0.000000,0.000000,0.000000
491.342731,251.705000,0.000000,0.000000,0.000000
491.727194,251.705000,0.000000,0.000000,0.000000
492.111656,251.705000,0.000000,0.000000,0.000000
492.496118,251.705000,0.000000,0.000000,0.000000
492.880580,251.705000,0.000000,0.000000,0.000000
493.265043,251.705000,0.000000,0.000000,0.000000
493.649505,251.705000,0.000000,0.000000,0.000000
494.033967,251.705000,0.000000,0.000000,0.000000
494.418429,251.705000,0.000000,0.000000,0.000000
494.802891,251.705000,0.000000,0.000000,0.000000
495.187354,251.705000,0.000000,0.000000,0.000000
495.571816,251.705000,0.000000,0.000000,0.000000
495.956278,251.705000,0.000000,0.000000,0.000000
496.340740,251.705000,0.000000,0.000000,0.000000
496.725203,251.705000,0.000000,0.000000,0.000000
497.109665,251.705000,0.000000,0.000000,0.000000
497.494127,251.705000,0.000000,0.000000,0.000000
497.878589,251.705000,0.000000,0.000000,0.000000
498.263052,251.705000,0.000000,0.000000,0.000000
498.647514,251.705000,0.000000,0.000000,0.000000
499.031976,251.705000,0.000000,0.000000,0.000000
499.416438,251.705000,0.000000,0.000000,0.000000
499.800900,251.705000,0.000000,0.000000,0.000000
500.185363,251.705000,0.000000,0.000000,0.000000
500.569825,251.705000,0.000000,0.000000,0.000000
500.954287,251.705000,0.000000,0.000000,0.000000
501.338749,251.705000,0.000000,0.000000,0.000000
501.723212,251.705000,0.000000,0.000000,0.000000
502.107674,251.705000,0.000000,0.000000,0.000000
502.492136,251.705000,0.000000,0.000000,0.000000
502.876598,251.705000,0.000000,0.000000,0.000000
503.261061,251.705000,0.000000,0.000000,0.000000
503.645523,251.705000,0.000000,0.000000,0.000000
504.029985,251.705000,0.000000,0.000000,0.000000
504.414447,251.705000,0.000000,0.000000,0.000000
504.798909,251.705000,0.000000,0.000000,0.000000
505.183372,251.705000,0.000000,0.000000,0.000000
505.567834,251.705000,0.000000,0.000000,0.000000
505.952296,251.705000,0.000000,0.000000,0.000000
506.336758,251.705000,0.000000,0.000000,0.000000
506.721221,251.705000,0.000000,0.000000,0.000000
507.105683,251.705000,0.000000,0.000000,0.000000
507.490145,251.705000,0.000000,0.000000,0.000000
507.874607,251.705000,0.000000,0.000000,0.000000
508.259070,251.705000,0.000000,0.000000,0.000000
508.643532,251.705000,0.000000,0.000000,0.000000
509.027994,251.705000,0.000000,0.000000,0.000000
509.412456,251.705000,0.000000,0.000000,0.000000
509.796918,251.705000,0.000000,0.000000,0.000000
510.181381,251.705000,0.000000,0.000000,0.000000
510.565843,251.705000,0.000000,0.000000,0.000000
510.950305,251.705000,0.000000,0.000000,0.000000
511.334767,251.705000,0.000000,0.000000,0.000000
511.719230,251.705000,0.000000,0.000000,0.000000
512.103692,251.705000,0.000000,0.000000,0.000000
512.488154,251.705000,0.000000,0.000000,0.000000
512.872616,251.705000,0.000000,0.000000,0.000000
513.257079,251.705000,0.000000,0.000000,0.000000
513.641541,251.705000,0.000000,0.000000,0.000000
514.026003,251.705000,0.000000,0.000000,0.000000
514.410465,251.705000,0.000000,0.000000,0.000000
514.794927,251.705000,0.000000,0.000000,0.000000
515.179390,251.705000,0.000000,0.000000,0.000000
515.563852,251.705000,0.000000,0.000000,0.000000
515.948314,251.705000,0.000000,0.000000,0.000000
516.332776,251.705000,0.000000,0.000000,0.000000
516.717239,251.705000,0.000000,0.000000,0.000000
517.101701,251.705000,0.000000,0.000000,0.000000
517.486163,251.705000,0.000000,0.000000,0.000000
517.870625,251.705000,0.000000,0.000000,0.000000
518.255088,251.705000,0.000000,0.000000,0.000000
518.639550,251.705000,0.000000,0.000000,0.000000
519.024012,251.705000,0.000000,0.000000,0.000000
519.408474,251.705000,0.000000,0.000000,0.000000
519.792936,251.705000,0.000000,0.000000,0.000000
520.177399,251.705000,0.000000,0.000000,0.000000
520.561861,251.705000,0.000000,0.000000,0.000000
520.946323,251.705000,0.000000,0.000000,0.000000
521.330785,251.705000,0.000000,0.000000,0.000000
521.715248,251.705000,0.000000,0.000000,0.000000
522.099710,251.705000,0.000000,0.000000,0.000000
522.484172,251.705000,0.000000,0.000000,0.000000
522.868634,251.705000,0.000000,0.000000,0.000000
523.253097,251.705000,0.000000,0.000000,0.000000
523.637559,251.705000,0.000000,0.000000,0.000000
524.022021,251.705000,0.000000,0.000000,0.000000
524.406483,251.705000,0.000000,0.000000,0.000000
524.790945,251.705000,0.000000,0.000000,0.000000
525.175408,251.705000,0.000000,0.000000,0.000000
525.559870,251.705000,0.000000,0.000000,0.000000
525.944332,251.705000,0.000000,0.000000,0.000000
526.328794,251.705000,0.000000,0.000000,0.000000
526.713257,251.705000,0.000000,0.000000,0.000000
527.097719,251.705000,0.000000,0.000000,0.000000
527.482181,251.705000,0.000000,0.000000,0.000000
527.866643,251.705000,0.000000,0.000000,0.000000
528.251106,251.705000,0.000000,0.000000,0.000000
528.635568,251.705000,0.000000,0.000000,0.000000
529.020030,251.705000,0.000000,0.000000,0.000000
529.404492,251.705000,0.000000,0.000000,0.000000
529.788954,251.705000,0.000000,0.000000,0.000000
530.173417,251.705000,0.000000,0.000000,0.000000
530.557879,251.705000,0.000000,0.000000,0.000000
530.942341,251.705000,0.000000,0.000000,0.000000
531.326803,251.705000,0.000000,0.000000,0.000000
531.711266,251.705000,0.000000,0.000000,0.000000
532.095728,251.705000,0.000000,0.000000,0.000000
532.480190,251.705000,0.000000,0.000000,0.000000
532.864652,251.705000,0.000000,0.000000,0.000000
533.249115,251.705000,0.000000,0.000000,0.000000
533.633577,251.705000,0.000000,-0.000000,0.000000
534.018039,251.705000,-0.000000,-0.000001,0.000001
534.402501,251.705000,-0.000001,-0.000008,0.000008
534.786963,251.704999,-0.000006,-0.000022,0.000022
535.171426,251.704995,-0.000018,-0.000041,0.000041
535.555888,251.704985,-0.000038,-0.000062,0.000062
535.940350,251.704966,-0.000066,-0.000084,0.000084
536.324812,251.704935,-0.000103,-0.000107,0.000107
536.709275,251.704887,-0.000148,-0.000132,0.000132
537.093737,251.704820,-0.000204,-0.000157,0.000157
537.478199,251.704730,-0.000269,-0.000184,0.000184
537.862661,251.704613,-0.000345,-0.000212,0.000212
538.247124,251.704465,-0.000433,-0.000242,0.000242
538.631586,251.704281,-0.000532,-0.000273,0.000273
539.016048,251.704056,-0.000642,-0.000305,0.000305
539.400510,251.703787,-0.000766,-0.000338,0.000338
539.784972,251.703467,-0.000903,-0.000373,0.000373
540.169435,251.703092,-0.001053,-0.000409,0.000409
540.553897,251.702657,-0.001217,-0.000446,0.000446
540.938359,251.702157,-0.001396,-0.000485,0.000485
541.322821,251.701584,-0.001590,-0.000525,0.000525
541.707284,251.700934,-0.001800,-0.000566,0.000566
542.091746,251.700200,-0.002026,-0.000609,0.000609
542.476208,251.699376,-0.002268,-0.000652,0.000652
542.860670,251.698456,-0.002527,-0.000698,0.000698
543.245133,251.697433,-0.002804,-0.000744,0.000744
543.629595,251.696300,-0.003099,-0.000791,0.000791
544.014057,251.695050,-0.003413,-0.000840,0.000840
544.398519,251.693676,-0.003745,-0.000890,0.000890
544.782981,251.692170,-0.004097,-0.000942,0.000942
545.167444,251.690525,-0.004470,-0.000994,0.000994
545.551906,251.688733,-0.004862,-0.001048,0.001048
545.936368,251.686786,-0.005275,-0.001103,0.001103
546.320830,251.684677,-0.005710,-0.001159,0.001159
546.705293,251.682396,-0.006167,-0.001217,0.001217
547.089755,251.679935,-0.006646,-0.001275,0.001275
547.474217,251.677286,-0.007147,-0.001335,0.001335
547.858679,251.674439,-0.007672,-0.001396,0.001395
548.243142,251.671386,-0.008220,-0.001457,0.001457
548.627604,251.668118,-0.008793,-0.001520,0.001520
549.012066,251.664625,-0.009389,-0.001584,0.001584
549.396528,251.660898,-0.010011,-0.001650,0.001649
549.780990,251.656928,-0.010658,-0.001716,0.001715
550.165453,251.652703,-0.011330,-0.001783,0.001783
550.549915,251.648216,-0.012029,-0.001851,0.001851
550.934377,251.643454,-0.012754,-0.001920,0.001920
551.318839,251.638409,-0.013505,-0.001990,0.001990
551.703302,251.633069,-0.014284,-0.002061,0.002061
552.087764,251.627425,-0.015091,-0.002133,0.002133
552.472226,251.621466,-0.015925,-0.002206,0.002205
552.856688,251.615180,-0.016787,-0.002280,0.002279
553.241151,251.608558,-0.017678,-0.002355,0.002353
553.625613,251.601588,-0.018597,-0.002430,0.002429
554.010075,251.594258,-0.019546,-0.002506,0.002505
554.394537,251.586558,-0.020524,-0.002583,0.002581
554.778999,251.578476,-0.021532,-0.002661,0.002659
555.163462,251.570001,-0.022570,-0.002739,0.002737
555.547924,251.561122,-0.023638,-0.002818,0.002816
555.932386,251.551825,-0.024737,-0.002898,0.002895
556.316848,251.542101,-0.025867,-0.002978,0.002975
556.701311,251.531936,-0.027027,-0.003059,0.003056
557.085773,251.521319,-0.028219,-0.003141,0.003137
557.470235,251.510238,-0.029442,-0.003223,0.003219
557.854697,251.498680,-0.030697,-0.003305,0.003301
558.239160,251.486634,-0.031984,-0.003389,0.003383
558.623622,251.474087,-0.033302,-0.003472,0.003466
559.008084,251.461027,-0.034653,-0.003556,0.003550
559.392546,251.447442,-0.036037,-0.003641,0.003633
559.777009,251.433318,-0.037453,-0.003725,0.003718
560.161471,251.418643,-0.038901,-0.003811,0.003802
560.545933,251.403406,-0.040383,-0.003896,0.003887
560.930395,251.387592,-0.041897,-0.003982,0.003971
561.314857,251.371190,-0.043444,-0.004068,0.004056
561.699320,251.354187,-0.045025,-0.004154,0.004142
562.083782,251.336569,-0.046639,-0.004241,0.004227
562.468244,251.318325,-0.048286,-0.004327,0.004312
562.852706,251.299441,-0.049966,-0.004414,0.004398
563.237169,251.279905,-0.051680,-0.004501,0.004483
563.621631,251.259703,-0.053427,-0.004588,0.004569
564.006093,251.238823,-0.055208,-0.004675,0.004654
564.390555,251.217252,-0.057023,-0.004763,0.004739
564.775018,251.194977,-0.058870,-0.004850,0.004825
565.159480,251.171985,-0.060752,-0.004937,0.004910
565.543942,251.148264,-0.062666,-0.005024,0.004995
565.928404,251.123799,-0.064615,-0.005111,0.005079
566.312866,251.098580,-0.066596,-0.005198,0.005164
566.697329,251.072592,-0.068612,-0.005285,0.005248
567.081791,251.045823,-0.070660,-0.005371,0.005331
567.466253,251.018260,-0.072742,-0.005458,0.005415
567.850715,250.989890,-0.074857,-0.005544,0.005498
568.235178,250.960700,-0.077005,-0.005630,0.005580
568.619640,250.930679,-0.079186,-0.005716,0.005662
569.004102,250.899813,-0.081399,-0.005801,0.005744
569.388564,250.868089,-0.083646,-0.005886,0.005825
569.773027,250.835495,-0.085925,-0.005971,0.005905
570.157489,250.802019,-0.088237,-0.006055,0.005985
570.541951,250.767648,-0.090581,-0.006139,0.006064
570.926413,250.732369,-0.092957,-0.006222,0.006143
571.310875,250.696170,-0.095366,-0.006305,0.006220
571.695338,250.659040,-0.097806,-0.006388,0.006297
572.079800,250.620965,-0.100277,-0.006470,0.006374
572.464262,250.581934,-0.102781,-0.006551,0.006449
572.848724,250.541935,-0.105315,-0.006632,0.006524
573.233187,250.500955,-0.107881,-0.006713,0.006597
573.617649,250.458983,-0.110477,-0.006793,0.006670
574.002111,250.416006,-0.113103,-0.006872,0.006742
574.386573,250.372015,-0.115761,-0.006950,0.006813
574.771036,250.326995,-0.118448,-0.007028,0.006883
575.155498,250.280937,-0.121165,-0.007105,0.006952
575.539960,250.233829,-0.123911,-0.007182,0.007019
575.924422,250.185659,-0.126687,-0.007257,0.007086
576.308884,250.136416,-0.129491,-0.007332,0.007152
576.693347,250.086090,-0.132325,-0.007406,0.007216
577.077809,250.034669,-0.135186,-0.007480,0.007279
577.462271,249.982142,-0.138076,-0.007552,0.007342
577.846733,249.928499,-0.140994,-0.007624,0.007402
578.231196,249.873728,-0.143939,-0.007695,0.007462
578.615658,249.817821,-0.146911,-0.007765,0.007520
579.000120,249.760765,-0.149909,-0.007834,0.007577
579.384582,249.702552,-0.152935,-0.007903,0.007633
579.769045,249.643170,-0.155986,-0.007970,0.007688
580.153507,249.582610,-0.159063,-0.008036,0.007741
580.537969,249.520863,-0.162165,-0.008102,0.007792
580.922431,249.457918,-0.165293,-0.008166,0.007843
581.306893,249.393765,-0.168444,-0.008230,0.007892
581.691356,249.328396,-0.171621,-0.008292,0.007939
582.075818,249.261802,-0.174821,-0.008354,0.007985
582.460280,249.193973,-0.178044,-0.008414,0.008030
582.844742,249.124899,-0.181291,-0.008474,0.008073
583.229205,249.054574,-0.184560,-0.008532,0.008114
583.613667,248.982987,-0.187851,-0.008590,0.008154
583.998129,248.910130,-0.191165,-0.008646,0.008193
584.382591,248.835996,-0.194500,-0.008701,0.008230
584.767054,248.760575,-0.197855,-0.008755,0.008265
585.151516,248.683860,-0.201232,-0.008808,0.008299
585.535978,248.605843,-0.204628,-0.008860,0.008332
585.920440,248.526516,-0.208045,-0.008911,0.008363
586.304902,248.445872,-0.211480,-0.008961,0.008392
586.689365,248.363904,-0.214935,-0.009010,0.008419
587.073827,248.280603,-0.218408,-0.009057,0.008446
587.458289,248.195964,-0.221899,-0.009103,0.008470
587.842751,248.109979,-0.225408,-0.009149,0.008493
588.227214,248.022642,-0.228934,-0.009193,0.008514
588.611676,247.933947,-0.232476,-0.009235,0.008534
588.996138,247.843886,-0.236035,-0.009277,0.008552
589.380600,247.752453,-0.239610,-0.009318,0.008569
589.765063,247.659644,-0.243200,-0.009357,0.008584
590.149525,247.565451,-0.246804,-0.009395,0.008598
590.533987,247.469870,-0.250424,-0.009432,0.008610
590.918449,247.372894,-0.254057,-0.009468,0.008620
591.302911,247.274519,-0.257704,-0.009502,0.008629
591.687374,247.174740,-0.261363,-0.009536,0.008636
592.071836,247.073551,-0.265036,-0.009568,0.008642
592.456298,246.970947,-0.268721,-0.009599,0.008646
592.840760,246.866925,-0.272417,-0.009629,0.008648
593.225223,246.761479,-0.276124,-0.009657,0.008650
593.609685,246.654606,-0.279843,-0.009685,0.008649
593.994147,246.546301,-0.283571,-0.009711,0.008647
594.378609,246.436561,-0.287310,-0.009736,0.008644
594.763072,246.325382,-0.291058,-0.009760,0.008639
595.147534,246.212760,-0.294815,-0.009783,0.008633
595.531996,246.098692,-0.298580,-0.009804,0.008626
595.916458,245.983174,-0.302353,-0.009825,0.008616
596.300920,245.866205,-0.306134,-0.009844,0.008606
596.685383,245.747780,-0.309922,-0.009862,0.008594
597.069845,245.627898,-0.313717,-0.009879,0.008581
597.454307,245.506555,-0.317518,-0.009894,0.008567
597.838769,245.383750,-0.321325,-0.009909,0.008551
598.223232,245.259480,-0.325137,-0.009922,0.008534
598.607694,245.133744,-0.328954,-0.009934,0.008515
598.992156,245.006539,-0.332776,-0.009945,0.008496
599.376618,244.877864,-0.336602,-0.009955,0.008475
599.761081,244.747718,-0.340431,-0.009964,0.008453
600.145543,244.616099,-0.344263,-0.009971,0.008429
600.530005,244.483006,-0.348098,-0.009978,0.008405
600.914467,244.348438,-0.351935,-0.009983,0.008379
601.298929,244.212394,-0.355775,-0.009988,0.008353
601.683392,244.074874,-0.359615,-0.009991,0.008325
602.067854,243.935877,-0.363457,-0.009993,0.008296
602.452316,243.795403,-0.367299,-0.009994,0.008266
602.836778,243.653452,-0.371142,-0.009994,0.008235
603.221241,243.510023,-0.374984,-0.009993,0.008203
603.605703,243.365118,-0.378825,-0.009991,0.008170
603.990165,243.218735,-0.382666,-0.009988,0.008137
604.374627,243.070876,-0.386505,-0.009983,0.008102
604.759090,242.921542,-0.390343,-0.009978,0.008066
605.143552,242.770733,-0.394178,-0.009972,0.008030
605.528014,242.618449,-0.398010,-0.009965,0.007992
605.912476,242.464693,-0.401840,-0.009957,0.007954
606.296938,242.309465,-0.405666,-0.009947,0.007915
606.681401,242.152766,-0.409489,-0.009937,0.007876
607.065863,241.994599,-0.413307,-0.009926,0.007835
607.450325,241.834964,-0.417121,-0.009914,0.007794
607.834787,241.673864,-0.420930,-0.009901,0.007752
608.219250,241.511300,-0.424734,-0.009887,0.007710
608.603712,241.347275,-0.428533,-0.009872,0.007666
608.988174,241.181791,-0.432326,-0.009857,0.007623
609.372636,241.014850,-0.436112,-0.009840,0.007578
609.757099,240.846454,-0.439892,-0.009823,0.007534
610.141561,240.676606,-0.443665,-0.009804,0.007488
610.526023,240.505309,-0.447431,-0.009785,0.007442
610.910485,240.332566,-0.451189,-0.009765,0.007396
611.294947,240.158379,-0.454940,-0.009745,0.007349
611.679410,239.982751,-0.458682,-0.009723,0.007302
612.063872,239.805687,-0.462416,-0.009701,0.007254
612.448334,239.627188,-0.466141,-0.009678,0.007206
612.832796,239.447260,-0.469857,-0.009654,0.007157
613.217259,239.265904,-0.473564,-0.009629,0.007108
613.601721,239.083124,-0.477261,-0.009604,0.007059
613.986183,238.898926,-0.480949,-0.009578,0.007010
614.370645,238.713311,-0.484626,-0.009551,0.006960
614.755108,238.526285,-0.488293,-0.009524,0.006910
615.139570,238.337851,-0.491949,-0.009495,0.006860
615.524032,238.148013,-0.495594,-0.009467,0.006810
615.908494,237.956776,-0.499228,-0.009437,0.006759
616.292956,237.764145,-0.502851,-0.009407,0.006708
616.677419,237.570122,-0.506462,-0.009377,0.006657
617.061881,237.374714,-0.510061,-0.009345,0.006606
617.446343,237.177924,-0.513648,-0.009314,0.006555
617.830805,236.979758,-0.517222,-0.009281,0.006504
618.215268,236.780219,-0.520784,-0.009248,0.006453
618.599730,236.579314,-0.524334,-0.009215,0.006401
618.984192,236.377046,-0.527870,-0.009181,0.006350
619.368654,236.173422,-0.531393,-0.009147,0.006298
619.753117,235.968445,-0.534903,-0.009112,0.006247
620.137579,235.762122,-0.538399,-0.009076,0.006196
620.522041,235.554457,-0.541882,-0.009040,0.006144
620.906503,235.345456,-0.545350,-0.009004,0.006093
621.290965,235.135124,-0.548805,-0.008967,0.006041
621.675428,234.923466,-0.552245,-0.008930,0.005990
622.059890,234.710489,-0.555671,-0.008892,0.005939
622.444352,234.496197,-0.559083,-0.008854,0.005888
622.828814,234.280596,-0.562480,-0.008816,0.005837
623.213277,234.063692,-0.565862,-0.008777,0.005786
623.597739,233.845491,-0.569229,-0.008738,0.005736
623.982201,233.625998,-0.572581,-0.008699,0.005685
624.366663,233.405219,-0.575918,-0.008660,0.005635
624.751126,233.183161,-0.579240,-0.008620,0.005585
625.135588,232.959828,-0.582546,-0.008579,0.005535
625.520050,232.735227,-0.585837,-0.008539,0.005485
625.904512,232.509364,-0.589112,-0.008498,0.005436
626.288974,232.282245,-0.592371,-0.008457,0.005386
626.673437,232.053875,-0.595615,-0.008416,0.005337
627.057899,231.824262,-0.598842,-0.008375,0.005288
627.442361,231.593411,-0.602054,-0.008333,0.005240
627.826823,231.361328,-0.605250,-0.008291,0.005192
628.211286,231.128019,-0.608430,-0.008250,0.005144
628.595748,230.893491,-0.611593,-0.008208,0.005096
628.980210,230.657750,-0.614741,-0.008165,0.005048
629.364672,230.420802,-0.617872,-0.008123,0.005001
629.749135,230.182653,-0.620987,-0.008081,0.004954
630.133597,229.943310,-0.624085,-0.008038,0.004908
630.518059,229.702779,-0.627168,-0.007996,0.004862
630.902521,229.461065,-0.630234,-0.007953,0.004816
631.286983,229.218177,-0.633283,-0.007911,0.004770
631.671446,228.974118,-0.636316,-0.007868,0.004725
632.055908,228.728897,-0.639333,-0.007825,0.004680
632.440370,228.482520,-0.642333,-0.007782,0.004635
632.824832,228.234992,-0.645317,-0.007740,0.004591
633.209295,227.986320,-0.648284,-0.007697,0.004547
633.593757,227.736510,-0.651235,-0.007654,0.004504
633.978219,227.485569,-0.654170,-0.007612,0.004461
634.362681,227.233503,-0.657088,-0.007569,0.004418
634.747144,226.980317,-0.659990,-0.007527,0.004376
635.131606,226.726020,-0.662876,-0.007484,0.004334
635.516068,226.470616,-0.665745,-0.007442,0.004292
635.900530,226.214112,-0.668599,-0.007400,0.004251
636.284992,225.956514,-0.671435,-0.007358,0.004211
636.669455,225.697829,-0.674256,-0.007316,0.004170
637.053917,225.438062,-0.677061,-0.007274,0.004130
637.438379,225.177220,-0.679850,-0.007233,0.004091
637.822841,224.915309,-0.682622,-0.007191,0.004051
638.207304,224.652335,-0.685379,-0.007150,0.004013
638.591766,224.388304,-0.688120,-0.007109,0.003974
638.976228,224.123223,-0.690845,-0.007068,0.003936
639.360690,223.857096,-0.693555,-0.007027,0.003899
639.745153,223.589931,-0.696249,-0.006987,0.003862
640.129615,223.321734,-0.698927,-0.006947,0.003825
640.514077,223.052509,-0.701590,-0.006907,0.003789
640.898539,222.782264,-0.704238,-0.006867,0.003753
641.283002,222.511003,-0.706871,-0.006828,0.003718
641.667464,222.238733,-0.709488,-0.006789,0.003683
642.051926,221.965460,-0.712091,-0.006750,0.003648
642.436388,221.691189,-0.714678,-0.006711,0.003614
642.820850,221.415927,-0.717251,-0.006673,0.003580
643.205313,221.139678,-0.719809,-0.006635,0.003547
643.589775,220.862448,-0.722353,-0.006597,0.003514
643.974237,220.584243,-0.724882,-0.006560,0.003482
644.358699,220.305068,-0.727397,-0.006523,0.003450
644.743162,220.024929,-0.729898,-0.006487,0.003418
645.127624,219.743832,-0.732385,-0.006451,0.003387
645.512086,219.461781,-0.734858,-0.006415,0.003357
645.896548,219.178781,-0.737318,-0.006379,0.003326
646.281011,218.894839,-0.739763,-0.006344,0.003296
646.665473,218.609959,-0.742196,-0.006310,0.003267
647.049935,218.324147,-0.744615,-0.006276,0.003238
647.434397,218.037406,-0.747021,-0.006242,0.003210
647.818859,217.749744,-0.749415,-0.006208,0.003181
648.203322,217.461163,-0.751795,-0.006176,0.003154
648.587784,217.171670,-0.754163,-0.006143,0.003126
648.972246,216.881269,-0.756519,-0.006111,0.003100
649.356708,216.589964,-0.758862,-0.006079,0.003073
649.741171,216.297761,-0.761193,-0.006048,0.003047
650.125633,216.004664,-0.763513,-0.006018,0.003022
650.510095,215.710678,-0.765820,-0.005988,0.002996
650.894557,215.415806,-0.768117,-0.005958,0.002972
651.279020,215.120054,-0.770402,-0.005929,0.002947
651.663482,214.823425,-0.772676,-0.005900,0.002923
652.047944,214.525925,-0.774938,-0.005872,0.002900
652.432406,214.227556,-0.777191,-0.005844,0.002877
652.816868,213.928324,-0.779432,-0.005817,0.002854
653.201331,213.628232,-0.781664,-0.005791,0.002832
653.585793,213.327284,-0.783885,-0.005765,0.002810
653.970255,213.025483,-0.786096,-0.005739,0.002789
654.354717,212.722835,-0.788298,-0.005714,0.002768
654.739180,212.419342,-0.790490,-0.005690,0.002747
655.123642,212.115008,-0.792673,-0.005666,0.002727
655.508104,211.809836,-0.794847,-0.005643,0.002707
655.892566,211.503830,-0.797012,-0.005620,0.002688
656.277029,211.196994,-0.799168,-0.005598,0.002669
656.661491,210.889330,-0.801317,-0.005577,0.002650
657.045953,210.580842,-0.803456,-0.005556,0.002632
657.430415,210.271533,-0.805588,-0.005535,0.002614
657.814877,209.961405,-0.807713,-0.005516,0.002597
658.199340,209.650463,-0.809829,-0.005496,0.002580
658.583802,209.338708,-0.811939,-0.005478,0.002563
658.968264,209.026143,-0.814042,-0.005460,0.002547
659.352726,208.712771,-0.816137,-0.005443,0.002531
659.737189,208.398595,-0.818227,-0.005426,0.002515
660.121651,208.083617,-0.820310,-0.005410,0.002500
660.506113,207.767839,-0.822387,-0.005395,0.002486
660.890575,207.451263,-0.824458,-0.005380,0.002471
661.275038,207.133893,-0.826524,-0.005366,0.002457
661.659500,206.815729,-0.828584,-0.005353,0.002444
662.043962,206.496774,-0.830639,-0.005340,0.002431
662.428424,206.177030,-0.832690,-0.005328,0.002418
662.812886,205.856499,-0.834736,-0.005316,0.002405
663.197349,205.535181,-0.836778,-0.005305,0.002393
663.581811,205.213080,-0.838815,-0.005295,0.002381
663.966273,204.890196,-0.840849,-0.005286,0.002370
664.350735,204.566530,-0.842880,-0.005277,0.002359
664.735198,204.242085,-0.844907,-0.005269,0.002348
665.119660,203.916861,-0.846931,-0.005261,0.002338
665.504122,203.590859,-0.848952,-0.005255,0.002328
665.888584,203.264081,-0.850972,-0.005249,0.002318
666.273047,202.936526,-0.852988,-0.005243,0.002309
666.657509,202.608197,-0.855003,-0.005239,0.002300
667.041971,202.279093,-0.857017,-0.005235,0.002292
667.426433,201.949216,-0.859029,-0.005232,0.002283
667.810895,201.618565,-0.861039,-0.005229,0.002276
668.195358,201.287142,-0.863049,-0.005227,0.002268
668.579820,200.954946,-0.865059,-0.005226,0.002261
668.964282,200.621977,-0.867068,-0.005226,0.002254
669.348744,200.288236,-0.869077,-0.005226,0.002247
669.733207,199.953722,-0.871087,-0.005228,0.002241
670.117669,199.618436,-0.873097,-0.005229,0.002235
670.502131,199.282376,-0.875108,-0.005232,0.002230
670.886593,198.945544,-0.877120,-0.005235,0.002224
671.271056,198.607937,-0.879133,-0.005239,0.002220
671.655518,198.269557,-0.881149,-0.005244,0.002215
672.039980,197.930401,-0.883166,-0.005250,0.002211
672.424442,197.590469,-0.885185,-0.005256,0.002207
672.808904,197.249760,-0.887207,-0.005263,0.002203
673.193367,196.908273,-0.889232,-0.005271,0.002200
673.577829,196.566007,-0.891261,-0.005280,0.002197
673.962291,196.222961,-0.893292,-0.005289,0.002194
674.346753,195.879133,-0.895328,-0.005299,0.002191
674.731216,195.534522,-0.897367,-0.005310,0.002189
675.115678,195.189126,-0.899411,-0.005322,0.002187
675.500140,194.842943,-0.901459,-0.005334,0.002186
675.884602,194.495972,-0.903513,-0.005348,0.002185
676.269065,194.148210,-0.905571,-0.005362,0.002184
676.653527,193.799656,-0.907635,-0.005377,0.002183
677.037989,193.450307,-0.909706,-0.005392,0.002183
677.422451,193.100161,-0.911782,-0.005409,0.002183
677.806913,192.749216,-0.913865,-0.005426,0.002183
678.191376,192.397468,-0.915954,-0.005444,0.002183
678.575838,192.044916,-0.918051,-0.005463,0.002184
678.960300,191.691557,-0.920155,-0.005483,0.002185
679.344762,191.337387,-0.922267,-0.005504,0.002186
679.729225,190.982403,-0.924387,-0.005525,0.002188
680.113687,190.626603,-0.926515,-0.005547,0.002190
680.498149,190.269983,-0.928652,-0.005570,0.002192
680.882611,189.912540,-0.930798,-0.005594,0.002194
681.267074,189.554269,-0.932954,-0.005619,0.002197
681.651536,189.195169,-0.935119,-0.005644,0.002199
682.035998,188.835234,-0.937294,-0.005671,0.002203
682.420460,188.474461,-0.939479,-0.005698,0.002206
682.804922,188.112845,-0.941675,-0.005726,0.002210
683.189385,187.750384,-0.943882,-0.005755,0.002213
683.573847,187.387071,-0.946101,-0.005785,0.002218
683.958309,187.022904,-0.948331,-0.005816,0.002222
684.342771,186.657876,-0.950573,-0.005848,0.002227
684.727234,186.291985,-0.952827,-0.005880,0.002231
685.111696,185.925224,-0.955094,-0.005914,0.002237
685.496158,185.557589,-0.957375,-0.005948,0.002242
685.880620,185.189075,-0.959668,-0.005984,0.002247
686.265083,184.819677,-0.961976,-0.006020,0.002253
686.649545,184.449389,-0.964297,-0.006057,0.002259
687.034007,184.078205,-0.966633,-0.006095,0.002266
687.418469,183.706121,-0.968984,-0.006134,0.002272
687.802931,183.333130,-0.971350,-0.006174,0.002279
688.187394,182.959226,-0.973731,-0.006215,0.002286
688.571856,182.584404,-0.976128,-0.006257,0.002293
688.956318,182.208657,-0.978542,-0.006300,0.002300
689.340780,181.831979,-0.980972,-0.006343,0.002308
689.725243,181.454364,-0.983420,-0.006388,0.002315
690.109705,181.075804,-0.985885,-0.006434,0.002323
690.494167,180.696293,-0.988367,-0.006481,0.002332
690.878629,180.315824,-0.990868,-0.006529,0.002340
691.263092,179.934390,-0.993387,-0.006577,0.002349
691.647554,179.551984,-0.995925,-0.006627,0.002357
692.032016,179.168599,-0.998483,-0.006678,0.002366
692.416478,178.784226,-1.001060,-0.006730,0.002376
692.800940,178.398859,-1.003658,-0.006783,0.002385
693.185403,178.012489,-1.006276,-0.006837,0.002395
693.569865,177.625109,-1.008915,-0.006892,0.002404
693.954327,177.236709,-1.011576,-0.006949,0.002414
694.338789,176.847283,-1.014258,-0.007006,0.002425
694.723252,176.456821,-1.016963,-0.007064,0.002435
695.107714,176.065316,-1.019690,-0.007124,0.002445
695.492176,175.672757,-1.022440,-0.007184,0.002456
695.876638,175.279136,-1.025214,-0.007246,0.002467
696.261101,174.884444,-1.028012,-0.007309,0.002478
696.645563,174.488672,-1.030835,-0.007373,0.002489
697.030025,174.091810,-1.033682,-0.007439,0.002500
697.414487,173.693849,-1.036555,-0.007505,0.002512
697.798949,173.294778,-1.039453,-0.007573,0.002524
698.183412,172.894588,-1.042378,-0.007642,0.002536
698.567874,172.493268,-1.045329,-0.007712,0.002548
698.952336,172.090809,-1.048308,-0.007784,0.002560
699.336798,171.687199,-1.051314,-0.007857,0.002572
699.721261,171.282427,-1.054349,-0.007931,0.002584
700.105723,170.876484,-1.057412,-0.008006,0.002597
700.490185,170.469357,-1.060505,-0.008083,0.002610
700.874647,170.061036,-1.063627,-0.008161,0.002623
701.259110,169.651508,-1.066780,-0.008240,0.002636
701.643572,169.240762,-1.069963,-0.008321,0.002649
702.028034,168.828787,-1.073178,-0.008403,0.002662
702.412496,168.415570,-1.076424,-0.008486,0.002676
702.796958,168.001098,-1.079703,-0.008571,0.002689
703.181421,167.585359,-1.083015,-0.008658,0.002703
703.565883,167.168341,-1.086360,-0.008746,0.002717
703.950345,166.750030,-1.089740,-0.008835,0.002731
704.334807,166.330414,-1.093154,-0.008926,0.002745
704.719270,165.909478,-1.096603,-0.009018,0.002759
705.103732,165.487209,-1.100088,-0.009112,0.002773
705.488194,165.063593,-1.103610,-0.009208,0.002788
705.872656,164.638616,-1.107168,-0.009305,0.002802
706.257119,164.212264,-1.110765,-0.009404,0.002817
706.641581,163.784522,-1.114399,-0.009504,0.002831
707.026043,163.355375,-1.118072,-0.009606,0.002846
707.410505,162.924809,-1.121785,-0.009710,0.002861
707.794967,162.492807,-1.125539,-0.009815,0.002876
708.179430,162.059355,-1.129333,-0.009923,0.002891
708.563892,161.624436,-1.133168,-0.010032,0.002906
708.948354,161.188034,-1.137046,-0.010142,0.002921
709.332816,160.750133,-1.140967,-0.010255,0.002937
709.717279,160.310716,-1.144932,-0.010370,0.002952
710.101741,159.869767,-1.148941,-0.010486,0.002967
710.486203,159.427268,-1.152995,-0.010604,0.002983
710.870665,158.983201,-1.157095,-0.010725,0.002998
711.255128,158.537549,-1.161241,-0.010847,0.003014
711.639590,158.090294,-1.165435,-0.010971,0.003029
712.024052,157.641418,-1.169677,-0.011097,0.003045
712.408514,157.190901,-1.173968,-0.011226,0.003061
712.792976,156.738725,-1.178309,-0.011356,0.003077
713.177439,156.284871,-1.182700,-0.011489,0.003092
713.561901,155.829319,-1.187142,-0.011623,0.003108
713.946363,155.372048,-1.191637,-0.011760,0.003124
714.330825,154.913040,-1.196185,-0.011899,0.003140
714.715288,154.452272,-1.200787,-0.012041,0.003156
715.099750,153.989725,-1.205444,-0.012185,0.003171
715.484212,153.525377,-1.210156,-0.012331,0.003187
715.868674,153.059207,-1.214925,-0.012479,0.003203
716.253137,152.591192,-1.219752,-0.012630,0.003219
716.637599,152.121310,-1.224637,-0.012784,0.003235
717.022061,151.649538,-1.229581,-0.012939,0.003250
717.406523,151.175855,-1.234586,-0.013098,0.003266
717.790985,150.700235,-1.239653,-0.013259,0.003282
718.175448,150.222655,-1.244781,-0.013423,0.003297
718.559910,149.743092,-1.249973,-0.013589,0.003313
718.944372,149.261520,-1.255230,-0.013758,0.003328
719.328834,148.777915,-1.260552,-0.013930,0.003344
719.713297,148.292251,-1.265941,-0.014104,0.003359
720.097759,147.804502,-1.271397,-0.014281,0.003374
720.482221,147.314643,-1.276922,-0.014462,0.003390
720.866683,146.822646,-1.282517,-0.014645,0.003405
721.251146,146.328484,-1.288183,-0.014831,0.003420
721.635608,145.832130,-1.293921,-0.015020,0.003435
722.020070,145.333556,-1.299732,-0.015212,0.003449
722.404532,144.832734,-1.305618,-0.015408,0.003464
722.788994,144.329634,-1.311580,-0.015606,0.003478
723.173457,143.824228,-1.317618,-0.015808,0.003493
723.557919,143.316486,-1.323735,-0.016013,0.003507
723.942381,142.806376,-1.329931,-0.016221,0.003521
724.326843,142.293869,-1.336208,-0.016433,0.003535
724.711306,141.778933,-1.342566,-0.016647,0.003548
725.095768,141.261537,-1.349008,-0.016866,0.003562
725.480230,140.741648,-1.355535,-0.017088,0.003575
725.864692,140.219233,-1.362147,-0.017313,0.003588
726.249155,139.694259,-1.368847,-0.017542,0.003601
726.633617,139.166693,-1.375636,-0.017775,0.003613
727.018079,138.636499,-1.382515,-0.018011,0.003626
727.402541,138.103644,-1.389485,-0.018251,0.003638
727.787004,137.568090,-1.396548,-0.018495,0.003650
728.171466,137.029803,-1.403706,-0.018742,0.003661
728.555928,136.488746,-1.410960,-0.018994,0.003672
728.940390,135.944882,-1.418311,-0.019249,0.003683
729.324852,135.398172,-1.425761,-0.019509,0.003694
729.709315,134.848579,-1.433312,-0.019772,0.003704
730.093777,134.296064,-1.440964,-0.020039,0.003714
730.478239,133.740587,-1.448720,-0.020311,0.003723
730.862701,133.182107,-1.456582,-0.020587,0.003733
731.247164,132.620585,-1.464550,-0.020867,0.003741
731.631626,132.055979,-1.472627,-0.021151,0.003750
732.016088,131.488246,-1.480813,-0.021439,0.003758
732.400550,130.917345,-1.489112,-0.021732,0.003766
732.785013,130.343232,-1.497524,-0.022029,0.003773
733.169475,129.765863,-1.506050,-0.022330,0.003780
733.553937,129.185193,-1.514694,-0.022636,0.003786
733.938399,128.601178,-1.523456,-0.022947,0.003792
734.322861,128.013770,-1.532338,-0.023262,0.003797
734.707324,127.422925,-1.541342,-0.023581,0.003802
735.091786,126.828594,-1.550470,-0.023905,0.003806
735.476248,126.230731,-1.559724,-0.024234,0.003810
735.860710,125.629285,-1.569104,-0.024567,0.003814
736.245173,125.024208,-1.578614,-0.024905,0.003817
736.629635,124.415450,-1.588254,-0.025247,0.003819
737.014097,123.802960,-1.598027,-0.025595,0.003821
737.398559,123.186688,-1.607935,-0.025947,0.003822
737.783022,122.566580,-1.617978,-0.026303,0.003822
738.167484,121.942585,-1.628160,-0.026665,0.003822
738.551946,121.314648,-1.638481,-0.027031,0.003822
738.936408,120.682716,-1.648944,-0.027402,0.003821
739.320870,120.046734,-1.659551,-0.027777,0.003819
739.705333,119.406647,-1.670303,-0.028157,0.003816
740.089795,118.762398,-1.681202,-0.028542,0.003813
740.474257,118.113930,-1.692250,-0.028932,0.003810
740.858719,117.461185,-1.703449,-0.029326,0.003805
741.243182,116.804106,-1.714800,-0.029725,0.003800
741.627644,116.142634,-1.726305,-0.030129,0.003794
742.012106,115.476708,-1.737967,-0.030537,0.003788
742.396568,114.806269,-1.749786,-0.030950,0.003781
742.781031,114.131255,-1.761765,-0.031367,0.003773
743.165493,113.451605,-1.773905,-0.031789,0.003765
743.549955,112.767256,-1.786208,-0.032215,0.003755
743.934417,112.078146,-1.798675,-0.032645,0.003745
744.318879,111.384210,-1.811309,-0.033079,0.003735
744.703342,110.685386,-1.824111,-0.033518,0.003723
745.087804,109.981607,-1.837082,-0.033960,0.003711
745.472266,109.272809,-1.850224,-0.034406,0.003698
745.856728,108.558925,-1.863538,-0.034857,0.003685
746.241191,107.839889,-1.877026,-0.035310,0.003671
746.625653,107.115634,-1.890689,-0.035767,0.003655
747.010115,106.386092,-1.904528,-0.036228,0.003640
747.394577,105.651196,-1.918545,-0.036692,0.003623
747.779040,104.910876,-1.932741,-0.037158,0.003606
748.163502,104.165064,-1.947117,-0.037628,0.003588
748.547964,103.413690,-1.961674,-0.038100,0.003569
748.932426,102.656685,-1.976413,-0.038574,0.003550
749.316888,101.893978,-1.991335,-0.039051,0.003529
749.701351,101.125498,-2.006440,-0.039529,0.003508
750.085813,100.351176,-2.021730,-0.040009,0.003487
750.470275,99.570941,-2.037205,-0.040491,0.003464
750.854737,98.784720,-2.052865,-0.040973,0.003441
751.239200,97.992443,-2.068710,-0.041456,0.003417
751.623662,97.194038,-2.084741,-0.041939,0.003393
752.008124,96.389434,-2.100958,-0.042423,0.003368
752.392586,95.578560,-2.117361,-0.042906,0.003342
752.777049,94.761344,-2.133949,-0.043388,0.003315
753.161511,93.937714,-2.150723,-0.043868,0.003288
753.545973,93.107600,-2.167681,-0.044347,0.003260
753.930435,92.270931,-2.184823,-0.044824,0.003231
754.314897,91.427637,-2.202147,-0.045298,0.003202
754.699360,90.577647,-2.219653,-0.045769,0.003172
755.083822,89.720891,-2.237340,-0.046235,0.003141
755.468284,88.857301,-2.255205,-0.046698,0.003110
755.852746,87.986809,-2.273247,-0.047155,0.003079
756.237209,87.109346,-2.291463,-0.047606,0.003046
756.621671,86.224847,-2.309852,-0.048051,0.003013
757.006133,85.333245,-2.328411,-0.048489,0.002980
757.390595,84.434475,-2.347136,-0.048918,0.002946
757.775058,83.528474,-2.366025,-0.049339,0.002911
758.159520,82.615180,-2.385074,-0.049750,0.002876
758.543982,81.694532,-2.404279,-0.050150,0.002840
758.928444,80.766471,-2.423636,-0.050539,0.002804
759.312906,79.830939,-2.443140,-0.050915,0.002768
759.697369,78.887881,-2.462786,-0.051278,0.002730
760.081831,77.937243,-2.482569,-0.051626,0.002693
760.466293,76.978973,-2.502482,-0.051958,0.002655
760.850755,76.013023,-2.522520,-0.052273,0.002616
761.235218,75.039345,-2.542676,-0.052569,0.002577
761.619680,74.057897,-2.562942,-0.052846,0.002538
762.004142,73.068636,-2.583311,-0.053102,0.002498
762.388604,72.071526,-2.603774,-0.053336,0.002458
762.773067,71.066531,-2.624322,-0.053545,0.002417
763.157529,70.053620,-2.644946,-0.053729,0.002376
763.541991,69.032767,-2.665636,-0.053886,0.002335
763.926453,68.003948,-2.686380,-0.054014,0.002293
764.310915,66.967144,-2.707168,-0.054111,0.002251
764.695378,65.922340,-2.727988,-0.054175,0.002209
765.079840,64.869527,-2.748825,-0.054205,0.002166
765.464302,63.808701,-2.769667,-0.054199,0.002123
765.848764,62.739862,-2.790500,-0.054153,0.002079
766.233227,61.663017,-2.811307,-0.054067,0.002035
766.617689,60.578179,-2.832073,-0.053938,0.001991
767.002151,59.485367,-2.852781,-0.053762,0.001946
767.386613,58.384606,-2.873413,-0.053539,0.001901
767.771076,57.275930,-2.893949,-0.053265,0.001856
768.155538,56.159378,-2.914369,-0.039795,0.001360
768.540000,55.035000,-2.924548,-0.026475,0.000897
