s,z_orig,r_orig,z_smooth,r_smooth,dr_orig,dz_orig,dr_smooth,dz_smooth,curvature_orig,curvature_smooth
0.000000,0.000000,55.035000,-0.000000,55.035000,0.945691,0.325067,1.061182,0.369834,0.00093824,0.00013004
2.959012,0.961877,57.833311,1.051759,58.047060,0.944781,0.327690,0.981628,0.343902,0.00144018,0.00093767
5.871394,1.923755,60.582268,2.036467,60.841450,0.942920,0.333007,0.944082,0.335081,0.00199077,0.00181041
8.736703,2.885632,63.281301,2.998123,63.527981,0.940951,0.338530,0.933179,0.336963,0.00210114,0.00200391
11.554851,3.847509,65.930217,3.954306,66.152623,0.938877,0.344238,0.929988,0.341847,0.00220876,0.00209416
14.325941,4.809387,68.529011,4.909769,68.727569,0.936701,0.350115,0.928516,0.347969,0.00231429,0.00249730
17.050281,5.771264,71.077897,5.866655,71.255449,0.934425,0.356146,0.927254,0.354431,0.00241749,0.00234334
19.728330,6.733141,73.577245,6.824219,73.736873,0.932050,0.362314,0.925854,0.360747,0.00251816,0.00249968
22.360702,7.695019,76.027586,7.782323,76.171941,0.929580,0.368605,0.924194,0.367226,0.00261628,0.00260293
24.948124,8.656896,78.429575,8.740916,78.560831,0.927017,0.375004,0.922307,0.373763,0.00271171,0.00268443
27.491419,9.618773,80.783962,9.699988,80.903878,0.924363,0.381498,0.920164,0.380521,0.00280417,0.00292323
29.991502,10.580651,83.091602,10.659865,83.201482,0.921622,0.388073,0.917844,0.387323,0.00289358,0.00285985
32.449342,11.542528,85.353410,11.620040,85.454453,0.918796,0.394716,0.915414,0.394032,0.00297966,0.00297925
34.865973,12.504406,87.570366,12.580426,87.663593,0.915889,0.401414,0.912840,0.400802,0.00306224,0.00304729
37.242463,13.466283,89.743496,13.540970,89.829777,0.912905,0.408155,0.910142,0.407597,0.00314117,0.00313673
39.579910,14.428160,91.873860,14.501634,91.953939,0.909846,0.414928,0.907343,0.414388,0.00321625,0.00317801
41.879437,15.390038,93.962548,15.462385,94.037067,0.906718,0.421722,0.904403,0.421280,0.00328733,0.00336713
44.142172,16.351915,96.010660,16.423507,96.080040,0.903522,0.428524,0.901336,0.428244,0.00335422,0.00338696
46.369257,17.313792,98.019316,17.384874,98.083946,0.900265,0.435326,0.898230,0.435093,0.00341687,0.00339193
48.561822,18.275670,99.989629,18.346243,100.049941,0.896949,0.442118,0.895081,0.441852,0.00347503,0.00343411
50.720998,19.237547,101.922718,19.307515,101.979138,0.893580,0.448888,0.891876,0.448564,0.00352867,0.00347876
52.847904,20.199424,103.819695,20.268605,103.872646,0.890161,0.455631,0.888648,0.455170,0.00357782,0.00345650
54.943638,21.161302,105.681655,21.229622,105.731476,0.886697,0.462336,0.885179,0.462100,0.00362232,0.00396120
57.009288,22.123179,107.509686,22.191369,107.556266,0.883193,0.468996,0.881680,0.468933,0.00366226,0.00349252
59.045911,23.085056,109.304854,23.152784,109.348591,0.879652,0.475603,0.878416,0.475175,0.00369749,0.00344268
61.054547,24.046934,111.068206,24.113750,111.109549,0.876080,0.482152,0.874856,0.481851,0.00372809,0.00410912
63.036209,25.008811,112.800770,25.075431,112.839522,0.872480,0.488636,0.871185,0.488593,0.00375425,0.00365681
64.991883,25.970688,114.503547,26.036885,114.539995,0.868858,0.495048,0.867876,0.494559,0.00377597,0.00333618
66.922525,26.932566,116.177515,26.997763,116.212138,0.865216,0.501386,0.864136,0.501172,0.00379321,0.00455048
68.829063,27.894443,117.823626,27.959667,117.855975,0.861561,0.507642,0.860504,0.507484,0.00380618,0.00310489
70.712399,28.856320,119.442808,28.920770,119.473470,0.857894,0.513814,0.856995,0.513467,0.00381509,0.00427479
72.573401,29.818198,121.035955,29.882327,121.064779,0.854222,0.519897,0.853275,0.519710,0.00381997,0.00355000
74.412910,30.780075,122.603943,30.843631,122.631184,0.850546,0.525889,0.849732,0.525550,0.00382106,0.00389002
76.231735,31.741952,124.147613,31.804961,124.173353,0.846871,0.531787,0.846056,0.531517,0.00381838,0.00382994
78.030658,32.703830,125.667783,32.766332,125.692085,0.843201,0.537588,0.842440,0.537290,0.00381218,0.00375579
79.810432,33.665707,127.165243,33.727614,127.188248,0.839538,0.543291,0.838845,0.542942,0.00380277,0.00378312
81.571779,34.627584,128.640754,34.688909,128.662531,0.835885,0.548894,0.835166,0.548634,0.00379025,0.00392417
83.315396,35.589462,130.095055,35.650279,130.115626,0.832247,0.554396,0.831672,0.553966,0.00377474,0.00339944
85.041947,36.551339,131.528852,36.611347,131.548485,0.828624,0.559796,0.827959,0.559542,0.00375628,0.00437135
86.752079,37.513217,132.942833,37.572908,132.961261,0.825021,0.565094,0.824526,0.564636,0.00373543,0.00282261
88.446406,38.475094,134.337657,38.533682,134.355476,0.821438,0.570289,0.820909,0.569914,0.00371229,0.00473994
90.125515,39.436971,135.713957,39.495439,135.730545,0.817879,0.575381,0.817220,0.575234,0.00368679,0.00298102
91.789976,40.398849,137.072347,40.456572,137.088190,0.814346,0.580372,0.813981,0.579835,0.00365935,0.00378862
93.440330,41.360726,138.413413,41.417766,138.428518,0.810840,0.585260,0.810280,0.585030,0.00363009,0.00395110
95.077096,42.322603,139.737722,42.379270,139.751914,0.807363,0.590048,0.806953,0.589641,0.00359922,0.00300376
96.700771,43.284481,141.045818,43.340224,141.059541,0.803916,0.594736,0.803574,0.594262,0.00356675,0.00405604
98.311833,44.246358,142.338223,44.301648,142.351173,0.800502,0.599324,0.799965,0.599141,0.00353296,0.00348565
99.910738,45.208235,143.615443,45.263037,143.627685,0.797120,0.603815,0.796832,0.603325,0.00349814,0.00306099
101.497921,46.170113,144.877957,46.223989,144.889859,0.793772,0.608209,0.793484,0.607744,0.00346219,0.00393206
103.073803,47.131990,146.126233,47.185410,146.137474,0.790460,0.612508,0.789988,0.612305,0.00342546,0.00336769
104.638780,48.093867,147.360715,48.146822,147.371334,0.787183,0.616714,0.786893,0.616296,0.00338791,0.00309330
106.193236,49.055745,148.581832,49.107883,148.592135,0.783942,0.620828,0.783758,0.620298,0.00334965,0.00345441
107.737538,50.017622,149.789996,50.069082,149.799906,0.780739,0.624852,0.780380,0.624561,0.00331098,0.00359617
109.272035,50.979499,150.985602,51.030600,150.994894,0.777573,0.628787,0.777204,0.628526,0.00327203,0.00303095
110.797064,51.941377,152.169031,51.991831,152.177962,0.774445,0.632637,0.774343,0.632062,0.00323279,0.00293998
112.312942,52.903254,153.340645,52.952811,153.349448,0.771354,0.636401,0.771146,0.635975,0.00319320,0.00373207
113.819979,53.865131,154.500797,53.914299,154.509079,0.768302,0.640083,0.767925,0.639876,0.00315375,0.00298834
115.318467,54.827009,155.649821,54.875734,155.657649,0.765287,0.643685,0.765038,0.643337,0.00311420,0.00303168
116.808686,55.788886,156.788041,55.836958,156.795613,0.762311,0.647207,0.762241,0.646662,0.00307460,0.00280460
118.290906,56.750763,157.915769,56.797999,157.923263,0.759373,0.650652,0.759211,0.650228,0.00303543,0.00351405
119.765383,57.712641,159.033300,57.759473,159.040367,0.756472,0.654022,0.756140,0.653809,0.00299648,0.00289087
121.232365,58.674518,160.140921,58.720941,160.147585,0.753608,0.657320,0.753382,0.656994,0.00295788,0.00285701
122.692083,59.636395,161.238906,59.682249,161.245322,0.750782,0.660547,0.750662,0.660110,0.00291959,0.00281509
124.144765,60.598273,162.327518,60.643418,162.333828,0.747992,0.663704,0.747946,0.663196,0.00288164,0.00284877
125.590626,61.560150,163.407012,61.604633,163.413191,0.745238,0.666795,0.745029,0.666480,0.00284425,0.00323137
127.029872,62.522028,164.477629,62.566192,164.483386,0.742520,0.669820,0.742231,0.669603,0.00280766,0.00259938
128.462701,63.483905,165.539603,63.527629,165.545060,0.739837,0.672783,0.739676,0.672431,0.00277164,0.00272485
129.889298,64.445782,166.593155,64.488956,166.598427,0.737189,0.675684,0.737083,0.675278,0.00273598,0.00267764
131.309848,65.407660,167.638503,65.450188,167.643688,0.734574,0.678526,0.734561,0.678028,0.00270120,0.00257875
132.724520,66.369537,168.675851,66.411403,168.680980,0.731992,0.681310,0.731826,0.680985,0.00266740,0.00312040
134.133481,67.331414,169.705396,67.372984,169.710139,0.729443,0.684039,0.729159,0.683846,0.00263432,0.00243569
135.536887,68.293292,170.727325,68.334481,170.731772,0.726925,0.686715,0.726749,0.686411,0.00260192,0.00258256
136.934889,69.255169,171.741822,69.295900,171.746054,0.724437,0.689338,0.724306,0.688993,0.00257048,0.00250632
138.327633,70.217046,172.749059,70.257249,172.753151,0.721980,0.691912,0.721900,0.691518,0.00254009,0.00250537
139.715254,71.178924,173.749201,71.218541,173.753220,0.719551,0.694438,0.719522,0.693995,0.00251057,0.00244744
141.097885,72.140801,174.742408,72.179852,174.746343,0.717150,0.696917,0.716983,0.696622,0.00248220,0.00284098
142.475651,73.102678,175.728831,73.141445,175.732416,0.714776,0.699352,0.714510,0.699162,0.00245474,0.00230781
143.848670,74.064556,176.708614,74.102985,176.711906,0.712428,0.701743,0.712240,0.701476,0.00242840,0.00241777
145.217059,75.026433,177.681898,75.064475,177.684952,0.710104,0.704095,0.709945,0.703801,0.00240335,0.00235917
146.580924,75.988310,178.648810,76.025917,178.651679,0.707804,0.706407,0.707686,0.706075,0.00237918,0.00234457
147.940370,76.950188,179.609479,76.987319,179.612209,0.705527,0.708681,0.705433,0.708327,0.00235631,0.00234515
149.295495,77.912065,180.564023,77.948690,180.566651,0.703271,0.710920,0.703220,0.710526,0.00233494,0.00226110
150.646392,78.873942,181.512557,78.910070,181.515079,0.701036,0.713125,0.700860,0.712855,0.00231476,0.00265121
151.993149,79.835820,182.455184,79.871695,182.457355,0.698818,0.715297,0.698540,0.715130,0.00229555,0.00217808
153.335852,80.797697,183.392010,80.833293,183.393859,0.696619,0.717439,0.696396,0.717217,0.00227791,0.00228124
154.674579,81.759574,184.323129,81.794863,184.324688,0.694436,0.719553,0.694228,0.719317,0.00226174,0.00223120
156.009406,82.721452,185.248632,82.756404,185.249932,0.692269,0.721638,0.692085,0.721379,0.00224676,0.00222650
157.340405,83.683329,186.168605,83.717919,186.169677,0.690114,0.723699,0.689952,0.723420,0.00223363,0.00221284
158.667642,84.645207,187.083126,84.679411,187.083995,0.687972,0.725736,0.687825,0.725442,0.00222172,0.00221212
159.991179,85.607084,187.992270,85.640887,187.992956,0.685840,0.727751,0.685710,0.727441,0.00221112,0.00218914
161.311077,86.568961,188.896108,86.602354,188.896621,0.683718,0.729745,0.683573,0.729449,0.00220243,0.00225644
162.627390,87.530839,189.794702,87.563895,189.794967,0.681603,0.731721,0.681350,0.731526,0.00219525,0.00236927
163.940171,88.492716,190.688114,88.525571,190.687983,0.679495,0.733679,0.679183,0.733537,0.00218968,0.00213656
165.249466,89.454593,191.576397,89.487239,191.575879,0.677391,0.735622,0.677102,0.735457,0.00218580,0.00219145
166.555320,90.416471,192.459600,90.448898,192.458705,0.675290,0.737551,0.675005,0.737381,0.00218345,0.00217087
167.857775,91.378348,193.337769,91.410545,193.336509,0.673190,0.739468,0.672916,0.739287,0.00218294,0.00217369
169.156869,92.340225,194.210944,92.372179,194.209332,0.671090,0.741374,0.670825,0.741183,0.00218444,0.00217414
170.452634,93.302103,195.079161,93.333801,195.077209,0.668988,0.743272,0.668732,0.743070,0.00218749,0.00217921
171.745102,94.263980,195.942449,94.295412,195.940168,0.666882,0.745162,0.666632,0.744953,0.00219222,0.00218750
173.034303,95.225857,196.800837,95.257017,196.798234,0.664771,0.747046,0.664524,0.746832,0.00219917,0.00219717
174.320259,96.187735,197.654345,96.218619,197.651421,0.662652,0.748926,0.662402,0.748713,0.00220808,0.00221574
175.602994,97.149612,198.502991,97.180224,198.499741,0.660523,0.750804,0.660273,0.750590,0.00221868,0.00221263
176.882525,98.111489,199.346788,98.141837,199.343203,0.658383,0.752681,0.658103,0.752491,0.00223116,0.00229872
178.158871,99.073367,200.185745,99.103518,200.181744,0.656231,0.754559,0.655857,0.754447,0.00224609,0.00237211
179.432042,100.035244,201.019866,100.065294,201.015337,0.654063,0.756439,0.653638,0.756369,0.00226296,0.00224246
180.702050,100.997121,201.849150,101.027077,201.844081,0.651877,0.758323,0.651453,0.758248,0.00228156,0.00229888
181.968904,101.958999,202.673596,101.988868,202.667975,0.649673,0.760212,0.649237,0.760144,0.00230259,0.00230760
183.232608,102.920876,203.493193,102.950662,203.487012,0.647448,0.762108,0.647006,0.762042,0.00232573,0.00233224
184.493166,103.882753,204.307931,103.912460,204.301181,0.645199,0.764013,0.644750,0.763948,0.00235107,0.00235618
185.750577,104.844631,205.117792,104.874260,205.110467,0.642925,0.765928,0.642470,0.765864,0.00237870,0.00238396
187.004839,105.806508,205.922755,105.836062,205.914850,0.640623,0.767854,0.640162,0.767792,0.00240848,0.00241426
188.255950,106.768385,206.722799,106.797866,206.714305,0.638292,0.769793,0.637824,0.769732,0.00244044,0.00244730
189.503901,107.730263,207.517893,107.759673,207.508802,0.635928,0.771747,0.635452,0.771689,0.00247485,0.00248288
190.748686,108.692140,208.308008,108.721485,208.298310,0.633531,0.773716,0.633045,0.773661,0.00251197,0.00252097
191.990293,109.654018,209.093105,109.683301,209.082790,0.631096,0.775703,0.630600,0.775653,0.00255102,0.00256152
193.228708,110.615895,209.873147,110.645124,209.862201,0.628623,0.777709,0.628115,0.777663,0.00259237,0.00260452
194.463920,111.577772,210.648092,111.606955,210.636501,0.626109,0.779734,0.625588,0.779695,0.00263646,0.00264997
195.695910,112.539650,211.417892,112.568793,211.405640,0.623551,0.781781,0.623015,0.781749,0.00268313,0.00269789
196.924662,113.501527,212.182499,113.530642,212.169567,0.620947,0.783851,0.620396,0.783826,0.00273220,0.00274830
198.150155,114.463404,212.941856,114.492500,212.928228,0.618295,0.785944,0.617726,0.785929,0.00278352,0.00280120
199.372369,115.425282,213.695912,115.454371,213.681564,0.615592,0.788063,0.615004,0.788057,0.00283771,0.00285663
200.591281,116.387159,214.444604,116.416254,214.429515,0.612836,0.790208,0.612228,0.790212,0.00289449,0.00291459
201.806869,117.349036,215.187870,117.378149,215.172016,0.610024,0.792381,0.609395,0.792396,0.00295377,0.00297511
203.019106,118.310914,215.925644,118.340058,215.909000,0.607153,0.794583,0.606502,0.794608,0.00301554,0.00303817
204.227966,119.272791,216.657857,119.301981,216.640398,0.604223,0.796813,0.603547,0.796851,0.00307992,0.00310380
205.433425,120.234668,217.384440,120.263919,217.366137,0.601228,0.799075,0.600528,0.799125,0.00314718,0.00317200
206.635453,121.196546,218.105317,121.225871,218.086141,0.598168,0.801368,0.597442,0.801431,0.00321694,0.00324275
207.834023,122.158423,218.820412,122.187839,218.800333,0.595040,0.803694,0.594286,0.803769,0.00328967,0.00331605
209.029104,123.120300,219.529645,123.149822,219.508633,0.591839,0.806053,0.591059,0.806141,0.00336486,0.00339189
210.220667,124.082178,220.232934,124.111819,220.210958,0.588566,0.808446,0.587757,0.808546,0.00344251,0.00347022
211.408685,125.044055,220.930198,125.073831,220.907225,0.585217,0.810874,0.584379,0.810986,0.00352318,0.00355104
212.593124,126.005932,221.621347,126.035856,221.597348,0.581789,0.813337,0.580921,0.813461,0.00360626,0.00363429
213.773956,126.967810,222.306298,126.997895,222.281238,0.578279,0.815836,0.577383,0.815971,0.00369222,0.00371994
214.951151,127.929687,222.984959,127.959946,222.958807,0.574686,0.818371,0.573760,0.818517,0.00378089,0.00380794
216.124679,128.891564,223.657238,128.922008,223.629964,0.571006,0.820943,0.570052,0.821097,0.00387200,0.00389822
217.294510,129.853442,224.323044,129.884080,224.294618,0.567237,0.823552,0.566256,0.823713,0.00396576,0.00399072
218.460616,130.815319,224.982281,130.846158,224.952676,0.563376,0.826197,0.562369,0.826365,0.00406219,0.00408538
219.622968,131.777196,225.634856,131.808242,225.604045,0.559422,0.828880,0.558391,0.829052,0.00416137,0.00418213
220.781538,132.739074,226.280671,132.770329,226.248631,0.555371,0.831599,0.554318,0.831773,0.00426273,0.00428090
221.936300,133.700951,226.919629,133.732416,226.886340,0.551221,0.834355,0.550149,0.834528,0.00436652,0.00438166
223.087229,134.662829,227.551633,134.694499,227.517078,0.546971,0.837148,0.545883,0.837318,0.00447307,0.00448436
224.234300,135.624706,228.176583,135.656576,228.140751,0.542616,0.839977,0.541516,0.840140,0.00458178,0.00458903
225.377490,136.586583,228.794382,136.618644,228.757264,0.538156,0.842841,0.537048,0.842995,0.00469244,0.00469573
226.516778,137.548461,229.404931,137.580698,229.366524,0.533589,0.845740,0.532476,0.845881,0.00480562,0.00480456
227.652145,138.510338,230.008131,138.542735,229.968436,0.528911,0.848673,0.527799,0.848798,0.00492110,0.00491568
228.783572,139.472215,230.603883,139.504753,230.562907,0.524122,0.851639,0.523013,0.851746,0.00503822,0.00502916
229.911045,140.434093,231.192089,140.466748,231.149842,0.519219,0.854636,0.518118,0.854723,0.00515729,0.00514530
231.034549,141.395970,231.772652,141.428718,231.729149,0.514200,0.857665,0.513110,0.857729,0.00527817,0.00526297
232.154073,142.357847,232.345475,142.390661,232.300732,0.509065,0.860723,0.507986,0.860764,0.00540068,0.00538515
233.269609,143.319725,232.910463,143.352576,232.864501,0.503811,0.863809,0.502751,0.863822,0.00552443,0.00549743
234.381149,144.281602,233.467520,144.314461,233.420364,0.498437,0.866920,0.497390,0.866911,0.00564926,0.00564787
235.488691,145.243479,234.016557,145.276387,233.968105,0.492943,0.870056,0.491600,0.870195,0.00577576,0.00638404
236.592233,146.205357,234.557480,146.238518,234.507333,0.487326,0.873214,0.485765,0.873453,0.00590313,0.00574192
237.691778,147.167234,235.090201,147.200622,235.038361,0.481586,0.876392,0.480086,0.876573,0.00603080,0.00605617
238.787332,148.129111,235.614633,148.162691,235.561120,0.475724,0.879588,0.474231,0.879741,0.00615911,0.00611214
239.878901,149.090989,236.130691,149.124715,236.075546,0.469738,0.882799,0.468288,0.882905,0.00628781,0.00623803
240.966499,150.052866,236.638294,150.086683,236.581573,0.463628,0.886023,0.462233,0.886076,0.00641640,0.00634578
242.050139,151.014743,237.137361,151.048590,237.079141,0.457394,0.889257,0.456071,0.889251,0.00654465,0.00646373
243.129841,151.976621,237.627818,152.010428,237.568189,0.451037,0.892498,0.449802,0.892425,0.00667230,0.00656802
244.205626,152.938498,238.109591,152.972194,238.048656,0.444558,0.895743,0.443410,0.895606,0.00679914,0.00672318
245.277519,153.900375,238.582611,153.933884,238.520487,0.437957,0.898988,0.436961,0.898759,0.00692498,0.00668802
246.345550,154.862253,239.046812,154.895495,238.983629,0.431236,0.902231,0.430210,0.902001,0.00704913,0.00735433
247.409752,155.824130,239.502132,155.857224,239.437606,0.424396,0.905469,0.422876,0.905448,0.00717142,0.00789648
248.470160,156.786008,239.948514,156.819153,239.882160,0.417440,0.908696,0.415726,0.908737,0.00729162,0.00696611
249.526814,157.747885,240.385905,157.781001,240.317838,0.410369,0.911911,0.408848,0.911835,0.00740943,0.00733236
250.579758,158.709762,240.814254,158.742758,240.744619,0.403186,0.915110,0.401788,0.914954,0.00752421,0.00734830
251.629039,159.671640,241.233519,159.704418,241.162485,0.395894,0.918287,0.394673,0.918033,0.00763522,0.00745170
252.674708,160.633517,241.643659,160.665975,241.571423,0.388498,0.921441,0.387463,0.921088,0.00774288,0.00754650
253.716819,161.595394,242.044643,161.627427,241.971420,0.380999,0.924567,0.380195,0.924103,0.00784670,0.00757781
254.755430,162.557272,242.436438,162.588769,242.362469,0.373402,0.927660,0.372780,0.927116,0.00794600,0.00785628
255.790601,163.519149,242.819024,163.550153,242.744185,0.365713,0.930719,0.364446,0.930412,0.00804017,0.00948621
256.822397,164.481026,243.192380,164.511839,243.115851,0.357935,0.933737,0.356301,0.933550,0.00812860,0.00745945
257.850886,165.442904,243.556498,165.473410,243.478514,0.350075,0.936712,0.348832,0.936350,0.00821176,0.00807526
258.876139,166.404781,243.911370,166.434863,243.832197,0.342138,0.939640,0.341125,0.939177,0.00828897,0.00796330
259.898227,167.366658,244.256996,167.396196,244.176929,0.334129,0.942518,0.333413,0.941936,0.00835964,0.00808976
260.917229,168.328536,244.593383,168.357411,244.512740,0.326056,0.945341,0.325702,0.944629,0.00842336,0.00796734
261.933222,169.290413,244.920542,169.318509,244.839667,0.317925,0.948106,0.317758,0.947334,0.00847937,0.00857812
262.946287,170.252290,245.238495,170.279683,245.157170,0.309744,0.950810,0.308819,0.950282,0.00852816,0.01003366
263.956509,171.214168,245.547266,171.241121,245.464652,0.301519,0.953450,0.300286,0.953007,0.00856915,0.00772984
264.963972,172.176045,245.846888,172.202434,245.763335,0.293259,0.956023,0.292550,0.955401,0.00860185,0.00837189
265.968763,173.137922,246.137400,173.163627,246.053284,0.284971,0.958526,0.284615,0.957796,0.00862589,0.00815355
266.970971,174.099800,246.418847,174.124704,246.334567,0.276665,0.960957,0.276668,0.960124,0.00864072,0.00839811
267.970685,175.061677,246.691283,175.085673,246.607253,0.268349,0.963312,0.268981,0.962321,0.00864667,0.00762255
268.967997,176.023554,246.954767,176.046587,246.871258,0.260031,0.965591,0.259839,0.964835,0.00864344,0.01142188
269.962999,176.985432,247.209366,177.007882,247.124993,0.251721,0.967790,0.250829,0.967223,0.00863077,0.00734378
270.955783,177.947309,247.455153,177.969062,247.370345,0.243428,0.969910,0.243275,0.969147,0.00860827,0.00838453
271.946441,178.909186,247.692209,178.930137,247.607411,0.235161,0.971947,0.235376,0.971105,0.00857623,0.00807093
272.935066,179.871064,247.920620,179.891117,247.836289,0.226930,0.973902,0.227652,0.972957,0.00853425,0.00802261
273.921751,180.832941,248.140481,180.852014,248.057078,0.218744,0.975773,0.219848,0.974772,0.00848205,0.00824183
274.906588,181.794819,248.351893,181.812958,248.269348,0.210612,0.977561,0.210868,0.976769,0.00842051,0.01046857
275.889667,182.756696,248.554962,182.774148,248.472224,0.202545,0.979264,0.202390,0.978573,0.00834897,0.00719162
276.871080,183.718573,248.749804,183.735249,248.667351,0.194551,0.980884,0.195137,0.980053,0.00826752,0.00791418
277.850915,184.680451,248.936538,184.696276,248.854848,0.186640,0.982420,0.187589,0.981543,0.00817622,0.00781337
278.829261,185.642328,249.115292,185.657243,249.034837,0.178822,0.983873,0.180490,0.982897,0.00807527,0.00697939
279.806204,186.604205,249.286198,186.618162,249.207441,0.171106,0.985245,0.172398,0.984373,0.00796579,0.00988217
280.781828,187.566083,249.449397,187.579291,249.371352,0.163498,0.986536,0.163961,0.985837,0.00784706,0.00769432
281.756215,188.527960,249.605031,188.540458,249.527604,0.156010,0.987748,0.156849,0.987006,0.00771874,0.00711838
282.729446,189.489837,249.753254,189.501574,249.676920,0.148650,0.988883,0.149987,0.988092,0.00758207,0.00717526
283.701598,190.451715,249.894219,190.462653,249.819439,0.141424,0.989942,0.143272,0.989112,0.00743776,0.00681407
284.672746,191.413592,250.028090,191.423709,249.955299,0.134341,0.990929,0.136413,0.990111,0.00728535,0.00747526
285.642964,192.375469,250.155032,192.384840,250.083991,0.127409,0.991844,0.128687,0.991172,0.00712487,0.00861809
286.612320,193.337347,250.275216,193.346109,250.205135,0.120635,0.992691,0.121685,0.992077,0.00695769,0.00596288
287.580883,194.299224,250.388818,194.307349,250.320146,0.114024,0.993473,0.115723,0.992808,0.00678442,0.00645353
288.548715,195.261101,250.496017,195.268573,250.429173,0.107584,0.994191,0.109605,0.993527,0.00660464,0.00628644
289.515879,196.222979,250.596996,196.229794,250.532368,0.101319,0.994849,0.103902,0.994168,0.00641847,0.00559246
290.482431,197.184856,250.691942,197.191035,250.629732,0.095236,0.995450,0.097080,0.994885,0.00622756,0.00861169
291.448426,198.146733,250.781047,198.152429,250.720096,0.089339,0.995997,0.090609,0.995520,0.00603262,0.00486216
292.413917,199.108611,250.864502,199.113813,250.805207,0.083631,0.996493,0.085577,0.995981,0.00583260,0.00561239
293.378952,200.070488,250.942502,200.075197,250.885222,0.078118,0.996940,0.080287,0.996444,0.00562901,0.00539961
294.343576,201.032365,251.015245,201.036589,250.960301,0.072802,0.997343,0.075515,0.996842,0.00542305,0.00453428
295.307832,201.994243,251.082930,201.997997,251.030599,0.067686,0.997704,0.069859,0.997279,0.00521414,0.00723866
296.271759,202.956120,251.145757,202.959511,251.095046,0.062772,0.998025,0.064334,0.997674,0.00500300,0.00426026
297.235394,203.917997,251.203928,203.921037,251.155021,0.058061,0.998310,0.060094,0.997953,0.00479046,0.00456304
298.198770,204.879875,251.257643,204.882573,251.210829,0.053556,0.998562,0.055791,0.998221,0.00457703,0.00439121
299.161918,205.841752,251.307105,205.844123,251.262627,0.049256,0.998784,0.051868,0.998452,0.00436347,0.00377404
300.124867,206.803630,251.352516,206.805692,251.310573,0.045162,0.998978,0.047451,0.998692,0.00415020,0.00541525
301.087641,207.765507,251.394075,207.767321,251.354010,0.041272,0.999146,0.043047,0.998911,0.00393751,0.00374933
302.050265,208.727384,251.431982,208.728974,251.393757,0.037587,0.999292,0.039580,0.999067,0.00372593,0.00346318
303.012759,209.689262,251.466435,209.690638,251.430259,0.034104,0.999417,0.036280,0.999207,0.00351591,0.00340251
303.975143,210.651139,251.497630,210.652318,251.463669,0.030823,0.999524,0.033224,0.999327,0.00330867,0.00295376
304.937431,211.613016,251.525760,211.614014,251.494138,0.027739,0.999614,0.029958,0.999445,0.00310451,0.00384062
305.899640,212.574894,251.551014,212.575744,251.521310,0.024851,0.999690,0.026651,0.999553,0.00290291,0.00303796
306.861782,213.536771,251.573582,213.537495,251.545635,0.022155,0.999754,0.024004,0.999629,0.00270524,0.00246672
307.823869,214.498648,251.593646,214.499256,251.567589,0.019647,0.999806,0.021634,0.999693,0.00251224,0.00246397
308.785909,215.460526,251.611384,215.461029,251.587310,0.017322,0.999849,0.019416,0.999748,0.00232338,0.00214814
309.747913,216.422403,251.626974,216.422814,251.604936,0.015177,0.999884,0.017166,0.999798,0.00213977,0.00253103
310.709887,217.384280,251.640585,217.384616,251.620323,0.013206,0.999912,0.014869,0.999844,0.00196194,0.00224675
311.671836,218.346158,251.652381,218.346433,251.633685,0.011403,0.999935,0.013014,0.999876,0.00178935,0.00160971
312.633767,219.308035,251.662522,219.308256,251.645456,0.009763,0.999952,0.011457,0.999901,0.00162278,0.00163013
313.595683,220.269912,251.671164,220.270087,251.655755,0.008281,0.999965,0.009992,0.999922,0.00146337,0.00141518
314.557588,221.231790,251.678454,221.231926,251.664698,0.006948,0.999976,0.008588,0.999940,0.00131109,0.00150437
315.519485,222.193667,251.684531,222.193772,251.672268,0.005759,0.999983,0.007156,0.999956,0.00116521,0.00147409
316.481375,223.155544,251.689532,223.155626,251.678554,0.004707,0.999989,0.006003,0.999967,0.00102648,0.00092276
317.443261,224.117422,251.693586,224.117484,251.683898,0.003784,0.999993,0.005105,0.999974,0.00089591,0.00094454
318.405144,225.079299,251.696812,225.079345,251.688394,0.002983,0.999995,0.004264,0.999981,0.00077264,0.00080381
319.367025,226.041176,251.699325,226.041210,251.692130,0.002298,0.999997,0.003510,0.999986,0.00065722,0.00076402
320.328904,227.003054,251.701232,227.003078,251.695146,0.001719,0.999998,0.002756,0.999990,0.00055001,0.00080471
321.290782,227.964931,251.702631,227.964948,251.697483,0.001240,0.999999,0.002164,0.999993,0.00045054,0.00042634
322.252660,228.926809,251.703617,228.926821,251.699365,0.000852,1.000000,0.001747,0.999995,0.00035990,0.00043935
323.214538,229.888686,251.704270,229.888694,251.700856,0.000547,1.000000,0.001366,0.999996,0.00027709,0.00035473
324.176415,230.850563,251.704669,230.850569,251.702014,0.000319,1.000000,0.001052,0.999998,0.00020161,0.00029658
325.138292,231.812441,251.704884,231.812444,251.702886,0.000159,1.000000,0.000756,0.999998,0.00013487,0.00031890
326.100170,232.774318,251.704976,232.774320,251.703494,0.000060,1.000000,0.000539,0.999999,0.00007634,0.00013322
327.062047,233.736195,251.704999,233.736197,251.703950,0.000013,1.000000,0.000408,0.999999,0.00003068,0.00013940
328.023924,234.698073,251.705000,234.698074,251.704284,0.000001,1.000000,0.000292,1.000000,0.00000651,0.00010142
328.985802,235.659950,251.705000,235.659951,251.704522,0.000000,1.000000,0.000208,1.000000,0.00000030,0.00007334
329.947679,236.621827,251.705000,236.621828,251.704687,0.000000,1.000000,0.000135,1.000000,0.00000000,0.00007718
330.909556,237.583705,251.705000,237.583705,251.704790,-0.000000,1.000000,0.000087,1.000000,0.00000000,0.00002378
331.871434,238.545582,251.705000,238.545582,251.704862,-0.000000,1.000000,0.000063,1.000000,0.00000000,0.00002686
332.833311,239.507459,251.705000,239.507459,251.704912,0.000000,1.000000,0.000041,1.000000,0.00000000,0.00001708
333.795189,240.469337,251.705000,240.469337,251.704944,0.000000,1.000000,0.000028,1.000000,0.00000000,0.00001167
334.757066,241.431214,251.705000,241.431214,251.704966,0.000000,1.000000,0.000017,1.000000,0.00000000,0.00001080
335.718943,242.393091,251.705000,242.393091,251.704978,0.000000,1.000000,0.000010,1.000000,0.00000000,0.00000326
336.680821,243.354969,251.705000,243.354969,251.704986,0.000000,1.000000,0.000007,1.000000,0.00000000,0.00000329
337.642698,244.316846,251.705000,244.316846,251.704991,0.000000,1.000000,0.000004,1.000000,0.00000000,0.00000200
338.604575,245.278723,251.705000,245.278723,251.704995,0.000000,1.000000,0.000003,1.000000,0.00000000,0.00000131
339.566453,246.240601,251.705000,246.240601,251.704997,0.000000,1.000000,0.000002,1.000000,0.00000000,0.00000108
340.528330,247.202478,251.705000,247.202478,251.704998,0.000000,1.000000,0.000001,1.000000,0.00000000,0.00000036
341.490207,248.164355,251.705000,248.164355,251.704999,0.000000,1.000000,0.000001,1.000000,0.00000000,0.00000030
342.452085,249.126233,251.705000,249.126233,251.704999,0.000000,1.000000,0.000000,1.000000,0.00000000,0.00000019
343.413962,250.088110,251.705000,250.088110,251.705000,0.000000,1.000000,0.000000,1.000000,0.00000000,0.00000012
344.375839,251.049987,251.705000,251.049987,251.705000,0.000000,1.000000,0.000000,1.000000,0.00000000,0.00000009
345.337717,252.011865,251.705000,252.011865,251.705000,0.000000,1.000000,0.000000,1.000000,0.00000000,0.00000003
346.299594,252.973742,251.705000,252.973742,251.705000,0.000000,1.000000,0.000000,1.000000,0.00000000,0.00000002
347.261471,253.935620,251.705000,253.935620,251.705000,0.000000,1.000000,0.000000,1.000000,0.00000000,0.00000001
348.223349,254.897497,251.705000,254.897497,251.705000,0.000000,1.000000,0.000000,1.000000,0.00000000,0.00000001
349.185226,255.859374,251.705000,255.859374,251.705000,0.000000,1.000000,0.000000,1.000000,0.00000000,0.00000001
350.147103,256.821252,251.705000,256.821252,251.705000,0.000000,1.000000,0.000000,1.000000,0.00000000,0.00000000
351.108981,257.783129,251.705000,257.783129,251.705000,0.000000,1.000000,0.000000,1.000000,0.00000000,0.00000000
352.070858,258.745006,251.705000,258.745006,251.705000,0.000000,1.000000,0.000000,1.000000,0.00000000,0.00000000
353.032735,259.706884,251.705000,259.706884,251.705000,0.000000,1.000000,0.000000,1.000000,0.00000000,0.00000000
353.994613,260.668761,251.705000,260.668761,251.705000,0.000000,1.000000,0.000000,1.000000,0.00000000,0.00000000
354.956490,261.630638,251.705000,261.630638,251.705000,0.000000,1.000000,0.000000,1.000000,0.00000000,0.00000000
355.918368,262.592516,251.705000,262.592516,251.705000,0.000000,1.000000,0.000000,1.000000,0.00000000,0.00000000
356.880245,263.554393,251.705000,263.554393,251.705000,0.000000,1.000000,0.000000,1.000000,0.00000000,0.00000000
357.842122,264.516270,251.705000,264.516270,251.705000,0.000000,1.000000,0.000000,1.000000,0.00000000,0.00000000
358.804000,265.478148,251.705000,265.478148,251.705000,0.000000,1.000000,0.000000,1.000000,0.00000000,0.00000000
359.765877,266.440025,251.705000,266.440025,251.705000,0.000000,1.000000,0.000000,1.000000,0.00000000,0.00000000
360.727754,267.401902,251.705000,267.401902,251.705000,0.000000,1.000000,0.000000,1.000000,0.00000000,0.00000000
361.689632,268.363780,251.705000,268.363780,251.705000,0.000000,1.000000,0.000000,1.000000,0.00000000,0.00000000
362.651509,269.325657,251.705000,269.325657,251.705000,0.000000,1.000000,0.000000,1.000000,0.00000000,0.00000000
363.613386,270.287534,251.705000,270.287534,251.705000,0.000000,1.000000,0.000000,1.000000,0.00000000,0.00000000
364.575264,271.249412,251.705000,271.249412,251.705000,0.000000,1.000000,0.000000,1.000000,0.00000000,0.00000000
365.537141,272.211289,251.705000,272.211289,251.705000,0.000000,1.000000,0.000000,1.000000,0.00000000,0.00000000
366.499018,273.173166,251.705000,273.173166,251.705000,0.000000,1.000000,0.000000,1.000000,0.00000000,0.00000000
367.460896,274.135044,251.705000,274.135044,251.705000,0.000000,1.000000,0.000000,1.000000,0.00000000,0.00000000
368.422773,275.096921,251.705000,275.096921,251.705000,0.000000,1.000000,0.000000,1.000000,0.00000000,0.00000000
369.384650,276.058798,251.705000,276.058798,251.705000,0.000000,1.000000,0.000000,1.000000,0.00000000,0.00000000
370.346528,277.020676,251.705000,277.020676,251.705000,0.000000,1.000000,0.000000,1.000000,0.00000000,0.00000000
371.308405,277.982553,251.705000,277.982553,251.705000,0.000000,1.000000,0.000000,1.000000,0.00000000,0.00000000
372.270282,278.944431,251.705000,278.944431,251.705000,0.000000,1.000000,-0.000000,1.000000,0.00000000,0.00000000
373.232160,279.906308,251.705000,279.906308,251.705000,0.000000,1.000000,0.000000,1.000000,0.00000000,0.00000000
374.194037,280.868185,251.705000,280.868185,251.705000,0.000000,1.000000,-0.000000,1.000000,0.00000000,0.00000000
375.155914,281.830063,251.705000,281.830063,251.705000,0.000000,1.000000,0.000000,1.000000,0.00000000,0.00000000
376.117792,282.791940,251.705000,282.791940,251.705000,0.000000,1.000000,-0.000000,1.000000,0.00000000,0.00000000
377.079669,283.753817,251.705000,283.753817,251.705000,0.000000,1.000000,0.000000,1.000000,0.00000000,0.00000000
378.041546,284.715695,251.705000,284.715695,251.705000,0.000000,1.000000,-0.000000,1.000000,0.00000000,0.00000000
379.003424,285.677572,251.705000,285.677572,251.705000,0.000000,1.000000,0.000000,1.000000,0.00000000,0.00000000
379.965301,286.639449,251.705000,286.639449,251.705000,0.000000,1.000000,-0.000000,1.000000,0.00000000,0.00000000
380.927179,287.601327,251.705000,287.601327,251.705000,0.000000,1.000000,0.000000,1.000000,0.00000000,0.00000000
381.889056,288.563204,251.705000,288.563204,251.705000,0.000000,1.000000,-0.000000,1.000000,0.00000000,0.00000000
382.850933,289.525081,251.705000,289.525081,251.705000,0.000000,1.000000,0.000000,1.000000,0.00000000,0.00000000
383.812811,290.486959,251.705000,290.486959,251.705000,0.000000,1.000000,-0.000000,1.000000,0.00000000,0.00000000
384.774688,291.448836,251.705000,291.448836,251.705000,0.000000,1.000000,0.000000,1.000000,0.00000000,0.00000000
385.736565,292.410713,251.705000,292.410713,251.705000,0.000000,1.000000,-0.000000,1.000000,0.00000000,0.00000000
386.698443,293.372591,251.705000,293.372591,251.705000,0.000000,1.000000,0.000000,1.000000,0.00000000,0.00000000
387.660320,294.334468,251.705000,294.334468,251.705000,0.000000,1.000000,-0.000000,1.000000,0.00000000,0.00000000
388.622197,295.296345,251.705000,295.296345,251.705000,0.000000,1.000000,0.000000,1.000000,0.00000000,0.00000000
389.584075,296.258223,251.705000,296.258223,251.705000,0.000000,1.000000,-0.000000,1.000000,0.00000000,0.00000000
390.545952,297.220100,251.705000,297.220100,251.705000,0.000000,1.000000,0.000000,1.000000,0.00000000,0.00000000
391.507829,298.181977,251.705000,298.181977,251.705000,0.000000,1.000000,-0.000000,1.000000,0.00000000,0.00000000
392.469707,299.143855,251.705000,299.143855,251.705000,0.000000,1.000000,0.000000,1.000000,0.00000000,0.00000000
393.431584,300.105732,251.705000,300.105732,251.705000,0.000000,1.000000,-0.000000,1.000000,0.00000000,0.00000000
394.393461,301.067610,251.705000,301.067610,251.705000,0.000000,1.000000,0.000000,1.000000,0.00000000,0.00000000
395.355339,302.029487,251.705000,302.029487,251.705000,0.000000,1.000000,-0.000000,1.000000,0.00000000,0.00000000
396.317216,302.991364,251.705000,302.991364,251.705000,0.000000,1.000000,0.000000,1.000000,0.00000000,0.00000000
397.279093,303.953242,251.705000,303.953242,251.705000,0.000000,1.000000,-0.000000,1.000000,0.00000000,0.00000000
398.240971,304.915119,251.705000,304.915119,251.705000,0.000000,1.000000,0.000000,1.000000,0.00000000,0.00000000
399.202848,305.876996,251.705000,305.876996,251.705000,0.000000,1.000000,-0.000000,1.000000,0.00000000,0.00000000
400.164725,306.838874,251.705000,306.838874,251.705000,0.000000,1.000000,0.000000,1.000000,0.00000000,0.00000000
401.126603,307.800751,251.705000,307.800751,251.705000,0.000000,1.000000,-0.000000,1.000000,0.00000000,0.00000000
402.088480,308.762628,251.705000,308.762628,251.705000,0.000000,1.000000,0.000000,1.000000,0.00000000,0.00000000
403.050357,309.724506,251.705000,309.724506,251.705000,0.000000,1.000000,-0.000000,1.000000,0.00000000,0.00000000
404.012235,310.686383,251.705000,310.686383,251.705000,0.000000,1.000000,0.000000,1.000000,0.00000000,0.00000000
404.974112,311.648260,251.705000,311.648260,251.705000,0.000000,1.000000,-0.000000,1.000000,0.00000000,0.00000000
405.935990,312.610138,251.705000,312.610138,251.705000,0.000000,1.000000,0.000000,1.000000,0.00000000,0.00000000
406.897867,313.572015,251.705000,313.572015,251.705000,0.000000,1.000000,-0.000000,1.000000,0.00000000,0.00000000
407.859744,314.533892,251.705000,314.533892,251.705000,0.000000,1.000000,0.000000,1.000000,0.00000000,0.00000000
408.821622,315.495770,251.705000,315.495770,251.705000,0.000000,1.000000,-0.000000,1.000000,0.00000000,0.00000000
409.783499,316.457647,251.705000,316.457647,251.705000,0.000000,1.000000,0.000000,1.000000,0.00000000,0.00000000
410.745376,317.419524,251.705000,317.419524,251.705000,0.000000,1.000000,-0.000000,1.000000,0.00000000,0.00000000
411.707254,318.381402,251.705000,318.381402,251.705000,0.000000,1.000000,0.000000,1.000000,0.00000000,0.00000000
412.669131,319.343279,251.705000,319.343279,251.705000,0.000000,1.000000,-0.000000,1.000000,0.00000000,0.00000000
413.631008,320.305156,251.705000,320.305156,251.705000,0.000000,1.000000,0.000000,1.000000,0.00000000,0.00000000
414.592886,321.267034,251.705000,321.267034,251.705000,0.000000,1.000000,-0.000000,1.000000,0.00000000,0.00000000
415.554763,322.228911,251.705000,322.228911,251.705000,0.000000,1.000000,0.000000,1.000000,0.00000000,0.00000000
416.516640,323.190788,251.705000,323.190788,251.705000,0.000000,1.000000,-0.000000,1.000000,0.00000000,0.00000000
417.478518,324.152666,251.705000,324.152666,251.705000,0.000000,1.000000,0.000000,1.000000,0.00000000,0.00000000
418.440395,325.114543,251.705000,325.114543,251.705000,0.000000,1.000000,-0.000000,1.000000,0.00000000,0.00000000
419.402272,326.076421,251.705000,326.076421,251.705000,0.000000,1.000000,0.000000,1.000000,0.00000000,0.00000000
420.364150,327.038298,251.705000,327.038298,251.705000,0.000000,1.000000,-0.000000,1.000000,0.00000000,0.00000000
421.326027,328.000175,251.705000,328.000175,251.705000,0.000000,1.000000,0.000000,1.000000,0.00000000,0.00000000
422.287904,328.962053,251.705000,328.962053,251.705000,0.000000,1.000000,-0.000000,1.000000,0.00000000,0.00000000
423.249782,329.923930,251.705000,329.923930,251.705000,0.000000,1.000000,0.000000,1.000000,0.00000000,0.00000000
424.211659,330.885807,251.705000,330.885807,251.705000,0.000000,1.000000,-0.000000,1.000000,0.00000000,0.00000000
425.173536,331.847685,251.705000,331.847685,251.705000,0.000000,1.000000,0.000000,1.000000,0.00000000,0.00000000
426.135414,332.809562,251.705000,332.809562,251.705000,0.000000,1.000000,-0.000000,1.000000,0.00000000,0.00000000
427.097291,333.771439,251.705000,333.771439,251.705000,0.000000,1.000000,0.000000,1.000000,0.00000000,0.00000000
428.059169,334.733317,251.705000,334.733317,251.705000,0.000000,1.000000,-0.000000,1.000000,0.00000000,0.00000000
429.021046,335.695194,251.705000,335.695194,251.705000,0.000000,1.000000,0.000000,1.000000,0.00000000,0.00000000
429.982923,336.657071,251.705000,336.657071,251.705000,0.000000,1.000000,-0.000000,1.000000,0.00000000,0.00000000
430.944801,337.618949,251.705000,337.618949,251.705000,0.000000,1.000000,0.000000,1.000000,0.00000000,0.00000000
431.906678,338.580826,251.705000,338.580826,251.705000,0.000000,1.000000,-0.000000,1.000000,0.00000000,0.00000000
432.868555,339.542703,251.705000,339.542703,251.705000,0.000000,1.000000,0.000000,1.000000,0.00000000,0.00000000
433.830433,340.504581,251.705000,340.504581,251.705000,0.000000,1.000000,-0.000000,1.000000,0.00000000,0.00000000
434.792310,341.466458,251.705000,341.466458,251.705000,0.000000,1.000000,0.000000,1.000000,0.00000000,0.00000000
435.754187,342.428335,251.705000,342.428335,251.705000,0.000000,1.000000,-0.000000,1.000000,0.00000000,0.00000000
436.716065,343.390213,251.705000,343.390213,251.705000,0.000000,1.000000,0.000000,1.000000,0.00000000,0.00000000
437.677942,344.352090,251.705000,344.352090,251.705000,0.000000,1.000000,-0.000000,1.000000,0.00000000,0.00000000
438.639819,345.313967,251.705000,345.313967,251.705000,0.000000,1.000000,0.000000,1.000000,0.00000000,0.00000000
439.601697,346.275845,251.705000,346.275845,251.705000,0.000000,1.000000,-0.000000,1.000000,0.00000000,0.00000000
440.563574,347.237722,251.705000,347.237722,251.705000,0.000000,1.000000,0.000000,1.000000,0.00000000,0.00000000
441.525451,348.199599,251.705000,348.199599,251.705000,0.000000,1.000000,-0.000000,1.000000,0.00000000,0.00000000
442.487329,349.161477,251.705000,349.161477,251.705000,0.000000,1.000000,0.000000,1.000000,0.00000000,0.00000000
443.449206,350.123354,251.705000,350.123354,251.705000,0.000000,1.000000,-0.000000,1.000000,0.00000000,0.00000000
444.411083,351.085232,251.705000,351.085232,251.705000,0.000000,1.000000,0.000000,1.000000,0.00000000,0.00000000
445.372961,352.047109,251.705000,352.047109,251.705000,0.000000,1.000000,-0.000000,1.000000,0.00000000,0.00000000
446.334838,353.008986,251.705000,353.008986,251.705000,0.000000,1.000000,0.000000,1.000000,0.00000000,0.00000000
447.296715,353.970864,251.705000,353.970864,251.705000,0.000000,1.000000,-0.000000,1.000000,0.00000000,0.00000000
448.258593,354.932741,251.705000,354.932741,251.705000,0.000000,1.000000,0.000000,1.000000,0.00000000,0.00000000
449.220470,355.894618,251.705000,355.894618,251.705000,0.000000,1.000000,-0.000000,1.000000,0.00000000,0.00000000
450.182347,356.856496,251.705000,356.856496,251.705000,0.000000,1.000000,0.000000,1.000000,0.00000000,0.00000000
451.144225,357.818373,251.705000,357.818373,251.705000,0.000000,1.000000,-0.000000,1.000000,0.00000000,0.00000000
452.106102,358.780250,251.705000,358.780250,251.705000,0.000000,1.000000,0.000000,1.000000,0.00000000,0.00000000
453.067980,359.742128,251.705000,359.742128,251.705000,0.000000,1.000000,-0.000000,1.000000,0.00000000,0.00000000
454.029857,360.704005,251.705000,360.704005,251.705000,0.000000,1.000000,0.000000,1.000000,0.00000000,0.00000000
454.991734,361.665882,251.705000,361.665882,251.705000,0.000000,1.000000,-0.000000,1.000000,0.00000000,0.00000000
455.953612,362.627760,251.705000,362.627760,251.705000,0.000000,1.000000,0.000000,1.000000,0.00000000,0.00000000
456.915489,363.589637,251.705000,363.589637,251.705000,0.000000,1.000000,-0.000000,1.000000,0.00000000,0.00000000
457.877366,364.551514,251.705000,364.551514,251.705000,0.000000,1.000000,0.000000,1.000000,0.00000000,0.00000000
458.839244,365.513392,251.705000,365.513392,251.705000,0.000000,1.000000,-0.000000,1.000000,0.00000000,0.00000000
459.801121,366.475269,251.705000,366.475269,251.705000,0.000000,1.000000,0.000000,1.000000,0.00000000,0.00000000
460.762998,367.437146,251.705000,367.437146,251.705000,0.000000,1.000000,-0.000000,1.000000,0.00000000,0.00000000
461.724876,368.399024,251.705000,368.399024,251.705000,0.000000,1.000000,0.000000,1.000000,0.00000000,0.00000000
462.686753,369.360901,251.705000,369.360901,251.705000,0.000000,1.000000,-0.000000,1.000000,0.00000000,0.00000000
463.648630,370.322778,251.705000,370.322778,251.705000,0.000000,1.000000,0.000000,1.000000,0.00000000,0.00000000
464.610508,371.284656,251.705000,371.284656,251.705000,0.000000,1.000000,-0.000000,1.000000,0.00000000,0.00000000
465.572385,372.246533,251.705000,372.246533,251.705000,0.000000,1.000000,0.000000,1.000000,0.00000000,0.00000000
466.534262,373.208411,251.705000,373.208411,251.705000,0.000000,1.000000,-0.000000,1.000000,0.00000000,0.00000000
467.496140,374.170288,251.705000,374.170288,251.705000,0.000000,1.000000,0.000000,1.000000,0.00000000,0.00000000
468.458017,375.132165,251.705000,375.132165,251.705000,0.000000,1.000000,-0.000000,1.000000,0.00000000,0.00000000
469.419894,376.094043,251.705000,376.094043,251.705000,0.000000,1.000000,0.000000,1.000000,0.00000000,0.00000000
470.381772,377.055920,251.705000,377.055920,251.705000,0.000000,1.000000,-0.000000,1.000000,0.00000000,0.00000000
471.343649,378.017797,251.705000,378.017797,251.705000,0.000000,1.000000,0.000000,1.000000,0.00000000,0.00000000
472.305526,378.979675,251.705000,378.979675,251.705000,0.000000,1.000000,-0.000000,1.000000,0.00000000,0.00000000
473.267404,379.941552,251.705000,379.941552,251.705000,0.000000,1.000000,0.000000,1.000000,0.00000000,0.00000000
474.229281,380.903429,251.705000,380.903429,251.705000,0.000000,1.000000,-0.000000,1.000000,0.00000000,0.00000000
475.191158,381.865307,251.705000,381.865307,251.705000,0.000000,1.000000,0.000000,1.000000,0.00000000,0.00000000
476.153036,382.827184,251.705000,382.827184,251.705000,0.000000,1.000000,-0.000000,1.000000,0.00000000,0.00000000
477.114913,383.789061,251.705000,383.789061,251.705000,0.000000,1.000000,0.000000,1.000000,0.00000000,0.00000000
478.076791,384.750939,251.705000,384.750939,251.705000,0.000000,1.000000,0.000000,1.000000,0.00000000,0.00000000
479.038668,385.712816,251.705000,385.712816,251.705000,0.000000,1.000000,-0.000000,1.000000,0.00000000,0.00000000
480.000545,386.674693,251.705000,386.674693,251.705000,0.000000,1.000000,0.000000,1.000000,0.00000000,0.00000000
480.962423,387.636571,251.705000,387.636571,251.705000,0.000000,1.000000,-0.000000,1.000000,0.00000000,0.00000000
481.924300,388.598448,251.705000,388.598448,251.705000,0.000000,1.000000,0.000000,1.000000,0.00000000,0.00000000
482.886177,389.560325,251.705000,389.560325,251.705000,0.000000,1.000000,-0.000000,1.000000,0.00000000,0.00000000
483.848055,390.522203,251.705000,390.522203,251.705000,0.000000,1.000000,0.000000,1.000000,0.00000000,0.00000000
484.809932,391.484080,251.705000,391.484080,251.705000,0.000000,1.000000,-0.000000,1.000000,0.00000000,0.00000000
485.771809,392.445957,251.705000,392.445957,251.705000,0.000000,1.000000,0.000000,1.000000,0.00000000,0.00000000
486.733687,393.407835,251.705000,393.407835,251.705000,0.000000,1.000000,-0.000000,1.000000,0.00000000,0.00000000
487.695564,394.369712,251.705000,394.369712,251.705000,0.000000,1.000000,0.000000,1.000000,0.00000000,0.00000000
488.657441,395.331589,251.705000,395.331589,251.705000,0.000000,1.000000,-0.000000,1.000000,0.00000000,0.00000000
489.619319,396.293467,251.705000,396.293467,251.705000,0.000000,1.000000,0.000000,1.000000,0.00000000,0.00000000
490.581196,397.255344,251.705000,397.255344,251.705000,0.000000,1.000000,-0.000000,1.000000,0.00000000,0.00000000
491.543073,398.217222,251.705000,398.217222,251.705000,0.000000,1.000000,0.000000,1.000000,0.00000000,0.00000000
492.504951,399.179099,251.705000,399.179099,251.705000,0.000000,1.000000,-0.000000,1.000000,0.00000000,0.00000000
493.466828,400.140976,251.705000,400.140976,251.705000,0.000000,1.000000,0.000000,1.000000,0.00000000,0.00000000
494.428705,401.102854,251.705000,401.102854,251.705000,0.000000,1.000000,-0.000000,1.000000,0.00000000,0.00000000
495.390583,402.064731,251.705000,402.064731,251.705000,0.000000,1.000000,0.000000,1.000000,0.00000000,0.00000000
496.352460,403.026608,251.705000,403.026608,251.705000,0.000000,1.000000,-0.000000,1.000000,0.00000000,0.00000000
497.314337,403.988486,251.705000,403.988486,251.705000,0.000000,1.000000,0.000000,1.000000,0.00000000,0.00000000
498.276215,404.950363,251.705000,404.950363,251.705000,0.000000,1.000000,-0.000000,1.000000,0.00000000,0.00000000
499.238092,405.912240,251.705000,405.912240,251.705000,0.000000,1.000000,0.000000,1.000000,0.00000000,0.00000000
500.199970,406.874118,251.705000,406.874118,251.705000,0.000000,1.000000,-0.000000,1.000000,0.00000000,0.00000000
501.161847,407.835995,251.705000,407.835995,251.705000,0.000000,1.000000,0.000000,1.000000,0.00000000,0.00000000
502.123724,408.797872,251.705000,408.797872,251.705000,0.000000,1.000000,-0.000000,1.000000,0.00000000,0.00000000
503.085602,409.759750,251.705000,409.759750,251.705000,0.000000,1.000000,0.000000,1.000000,0.00000000,0.00000000
504.047479,410.721627,251.705000,410.721627,251.705000,0.000000,1.000000,-0.000000,1.000000,0.00000000,0.00000000
505.009356,411.683504,251.705000,411.683504,251.705000,0.000000,1.000000,0.000000,1.000000,0.00000000,0.00000000
505.971234,412.645382,251.705000,412.645382,251.705000,0.000000,1.000000,-0.000000,1.000000,0.00000000,0.00000000
506.933111,413.607259,251.705000,413.607259,251.705000,0.000000,1.000000,0.000000,1.000000,0.00000000,0.00000000
507.894988,414.569136,251.705000,414.569136,251.705000,0.000000,1.000000,-0.000000,1.000000,0.00000000,0.00000000
508.856866,415.531014,251.705000,415.531014,251.705000,0.000000,1.000000,0.000000,1.000000,0.00000000,0.00000000
509.818743,416.492891,251.705000,416.492891,251.705000,0.000000,1.000000,-0.000000,1.000000,0.00000000,0.00000000
510.780620,417.454768,251.705000,417.454768,251.705000,0.000000,1.000000,0.000000,1.000000,0.00000000,0.00000000
511.742498,418.416646,251.705000,418.416646,251.705000,0.000000,1.000000,-0.000000,1.000000,0.00000000,0.00000000
512.704375,419.378523,251.705000,419.378523,251.705000,0.000000,1.000000,0.000000,1.000000,0.00000000,0.00000000
513.666252,420.340401,251.705000,420.340401,251.705000,0.000000,1.000000,-0.000000,1.000000,0.00000000,0.00000000
514.628130,421.302278,251.705000,421.302278,251.705000,0.000000,1.000000,0.000000,1.000000,0.00000000,0.00000000
515.590007,422.264155,251.705000,422.264155,251.705000,0.000000,1.000000,-0.000000,1.000000,0.00000000,0.00000000
516.551884,423.226033,251.705000,423.226033,251.705000,0.000000,1.000000,0.000000,1.000000,0.00000000,0.00000000
517.513762,424.187910,251.705000,424.187910,251.705000,0.000000,1.000000,-0.000000,1.000000,0.00000000,0.00000000
518.475639,425.149787,251.705000,425.149787,251.705000,0.000000,1.000000,0.000000,1.000000,0.00000000,0.00000000
519.437516,426.111665,251.705000,426.111665,251.705000,0.000000,1.000000,-0.000000,1.000000,0.00000000,0.00000000
520.399394,427.073542,251.705000,427.073542,251.705000,0.000000,1.000000,0.000000,1.000000,0.00000000,0.00000000
521.361271,428.035419,251.705000,428.035419,251.705000,0.000000,1.000000,-0.000000,1.000000,0.00000000,0.00000000
522.323148,428.997297,251.705000,428.997297,251.705000,0.000000,1.000000,0.000000,1.000000,0.00000000,0.00000000
523.285026,429.959174,251.705000,429.959174,251.705000,0.000000,1.000000,-0.000000,1.000000,0.00000000,0.00000000
524.246903,430.921051,251.705000,430.921051,251.705000,0.000000,1.000000,0.000000,1.000000,0.00000000,0.00000000
525.208781,431.882929,251.705000,431.882929,251.705000,0.000000,1.000000,-0.000000,1.000000,0.00000000,0.00000000
526.170658,432.844806,251.705000,432.844806,251.705000,0.000000,1.000000,0.000000,1.000000,0.00000000,0.00000000
527.132535,433.806683,251.705000,433.806683,251.705000,0.000000,1.000000,-0.000000,1.000000,0.00000000,0.00000000
528.094413,434.768561,251.705000,434.768561,251.705000,0.000000,1.000000,0.000000,1.000000,0.00000000,0.00000000
529.056290,435.730438,251.705000,435.730438,251.705000,0.000000,1.000000,-0.000000,1.000000,0.00000000,0.00000000
530.018167,436.692315,251.705000,436.692315,251.705000,0.000000,1.000000,0.000000,1.000000,0.00000000,0.00000000
530.980045,437.654193,251.705000,437.654193,251.705000,0.000000,1.000000,-0.000000,1.000000,0.00000000,0.00000000
531.941922,438.616070,251.705000,438.616070,251.705000,0.000000,1.000000,0.000000,1.000000,0.00000000,0.00000000
532.903799,439.577947,251.705000,439.577947,251.705000,0.000000,1.000000,-0.000000,1.000000,0.00000000,0.00000000
533.865677,440.539825,251.705000,440.539825,251.705000,0.000000,1.000000,0.000000,1.000000,0.00000000,0.00000000
534.827554,441.501702,251.705000,441.501702,251.705000,0.000000,1.000000,-0.000000,1.000000,0.00000000,0.00000000
535.789431,442.463579,251.705000,442.463579,251.705000,0.000000,1.000000,0.000000,1.000000,0.00000000,0.00000000
536.751309,443.425457,251.705000,443.425457,251.705000,0.000000,1.000000,-0.000000,1.000000,0.00000000,0.00000000
537.713186,444.387334,251.705000,444.387334,251.705000,0.000000,1.000000,0.000000,1.000000,0.00000000,0.00000000
538.675063,445.349212,251.705000,445.349212,251.705000,0.000000,1.000000,-0.000000,1.000000,0.00000000,0.00000000
539.636941,446.311089,251.705000,446.311089,251.705000,0.000000,1.000000,0.000000,1.000000,0.00000000,0.00000000
540.598818,447.272966,251.705000,447.272966,251.705000,0.000000,1.000000,-0.000000,1.000000,0.00000000,0.00000000
541.560695,448.234844,251.705000,448.234844,251.705000,0.000000,1.000000,0.000000,1.000000,0.00000000,0.00000000
542.522573,449.196721,251.705000,449.196721,251.705000,0.000000,1.000000,-0.000000,1.000000,0.00000000,0.00000000
543.484450,450.158598,251.705000,450.158598,251.705000,0.000000,1.000000,0.000000,1.000000,0.00000000,0.00000000
544.446327,451.120476,251.705000,451.120476,251.705000,0.000000,1.000000,-0.000000,1.000000,0.00000000,0.00000000
545.408205,452.082353,251.705000,452.082353,251.705000,0.000000,1.000000,0.000000,1.000000,0.00000000,0.00000000
546.370082,453.044230,251.705000,453.044230,251.705000,0.000000,1.000000,-0.000000,1.000000,0.00000000,0.00000000
547.331959,454.006108,251.705000,454.006108,251.705000,0.000000,1.000000,0.000000,1.000000,0.00000000,0.00000000
548.293837,454.967985,251.705000,454.967985,251.705000,0.000000,1.000000,-0.000000,1.000000,0.00000000,0.00000000
549.255714,455.929862,251.705000,455.929862,251.705000,0.000000,1.000000,0.000000,1.000000,0.00000000,0.00000000
550.217592,456.891740,251.705000,456.891740,251.705000,0.000000,1.000000,-0.000000,1.000000,0.00000000,0.00000000
551.179469,457.853617,251.705000,457.853617,251.705000,0.000000,1.000000,0.000000,1.000000,0.00000000,0.00000000
552.141346,458.815494,251.705000,458.815494,251.705000,0.000000,1.000000,-0.000000,1.000000,0.00000000,0.00000000
553.103224,459.777372,251.705000,459.777372,251.705000,0.000000,1.000000,0.000000,1.000000,0.00000000,0.00000000
554.065101,460.739249,251.705000,460.739249,251.705000,0.000000,1.000000,-0.000000,1.000000,0.00000000,0.00000000
555.026978,461.701126,251.705000,461.701126,251.705000,0.000000,1.000000,0.000000,1.000000,0.00000000,0.00000000
555.988856,462.663004,251.705000,462.663004,251.705000,0.000000,1.000000,-0.000000,1.000000,0.00000000,0.00000000
556.950733,463.624881,251.705000,463.624881,251.705000,0.000000,1.000000,0.000000,1.000000,0.00000000,0.00000000
557.912610,464.586758,251.705000,464.586758,251.705000,0.000000,1.000000,-0.000000,1.000000,0.00000000,0.00000000
558.874488,465.548636,251.705000,465.548636,251.705000,0.000000,1.000000,0.000000,1.000000,0.00000000,0.00000000
559.836365,466.510513,251.705000,466.510513,251.705000,0.000000,1.000000,-0.000000,1.000000,0.00000000,0.00000000
560.798242,467.472390,251.705000,467.472390,251.705000,0.000000,1.000000,0.000000,1.000000,0.00000000,0.00000000
561.760120,468.434268,251.705000,468.434268,251.705000,0.000000,1.000000,-0.000000,1.000000,0.00000000,0.00000000
562.721997,469.396145,251.705000,469.396145,251.705000,0.000000,1.000000,0.000000,1.000000,0.00000000,0.00000000
563.683874,470.358023,251.705000,470.358023,251.705000,0.000000,1.000000,-0.000000,1.000000,0.00000000,0.00000000
564.645752,471.319900,251.705000,471.319900,251.705000,0.000000,1.000000,0.000000,1.000000,0.00000000,0.00000000
565.607629,472.281777,251.705000,472.281777,251.705000,0.000000,1.000000,-0.000000,1.000000,0.00000000,0.00000000
566.569506,473.243655,251.705000,473.243655,251.705000,0.000000,1.000000,0.000000,1.000000,0.00000000,0.00000000
567.531384,474.205532,251.705000,474.205532,251.705000,0.000000,1.000000,-0.000000,1.000000,0.00000000,0.00000000
568.493261,475.167409,251.705000,475.167409,251.705000,0.000000,1.000000,0.000000,1.000000,0.00000000,0.00000000
569.455138,476.129287,251.705000,476.129287,251.705000,0.000000,1.000000,-0.000000,1.000000,0.00000000,0.00000000
570.417016,477.091164,251.705000,477.091164,251.705000,0.000000,1.000000,0.000000,1.000000,0.00000000,0.00000000
571.378893,478.053041,251.705000,478.053041,251.705000,0.000000,1.000000,-0.000000,1.000000,0.00000000,0.00000000
572.340771,479.014919,251.705000,479.014919,251.705000,0.000000,1.000000,0.000000,1.000000,0.00000000,0.00000000
573.302648,479.976796,251.705000,479.976796,251.705000,0.000000,1.000000,-0.000000,1.000000,0.00000000,0.00000000
574.264525,480.938673,251.705000,480.938673,251.705000,0.000000,1.000000,0.000000,1.000000,0.00000000,0.00000000
575.226403,481.900551,251.705000,481.900551,251.705000,0.000000,1.000000,-0.000000,1.000000,0.00000000,0.00000000
576.188280,482.862428,251.705000,482.862428,251.705000,0.000000,1.000000,0.000000,1.000000,0.00000000,0.00000000
577.150157,483.824305,251.705000,483.824305,251.705000,0.000000,1.000000,-0.000000,1.000000,0.00000000,0.00000000
578.112035,484.786183,251.705000,484.786183,251.705000,0.000000,1.000000,0.000000,1.000000,0.00000000,0.00000000
579.073912,485.748060,251.705000,485.748060,251.705000,0.000000,1.000000,-0.000000,1.000000,0.00000000,0.00000000
580.035789,486.709937,251.705000,486.709937,251.705000,0.000000,1.000000,0.000000,1.000000,0.00000000,0.00000000
580.997667,487.671815,251.705000,487.671815,251.705000,0.000000,1.000000,-0.000000,1.000000,0.00000000,0.00000000
581.959544,488.633692,251.705000,488.633692,251.705000,0.000000,1.000000,0.000000,1.000000,0.00000000,0.00000000
582.921421,489.595569,251.705000,489.595569,251.705000,0.000000,1.000000,-0.000000,1.000000,0.00000000,0.00000000
583.883299,490.557447,251.705000,490.557447,251.705000,0.000000,1.000000,0.000000,1.000000,0.00000000,0.00000000
584.845176,491.519324,251.705000,491.519324,251.705000,0.000000,1.000000,-0.000000,1.000000,0.00000000,0.00000000
585.807053,492.481202,251.705000,492.481202,251.705000,0.000000,1.000000,-0.000000,1.000000,0.00000000,0.00000000
586.768931,493.443079,251.705000,493.443079,251.705000,0.000000,1.000000,-0.000000,1.000000,0.00000000,0.00000000
587.730808,494.404956,251.705000,494.404956,251.705000,0.000000,1.000000,-0.000000,1.000000,0.00000000,0.00000000
588.692685,495.366834,251.705000,495.366834,251.705000,0.000000,1.000000,-0.000000,1.000000,0.00000000,0.00000000
589.654563,496.328711,251.705000,496.328711,251.705000,0.000000,1.000000,-0.000000,1.000000,0.00000000,0.00000000
590.616440,497.290588,251.705000,497.290588,251.705000,0.000000,1.000000,-0.000000,1.000000,0.00000000,0.00000000
591.578317,498.252466,251.705000,498.252466,251.705000,0.000000,1.000000,-0.000000,1.000000,0.00000000,0.00000000
592.540195,499.214343,251.705000,499.214343,251.705000,0.000000,1.000000,-0.000000,1.000000,0.00000000,0.00000000
593.502072,500.176220,251.705000,500.176220,251.705000,0.000000,1.000000,-0.000000,1.000000,0.00000000,0.00000000
594.463949,501.138098,251.705000,501.138098,251.705000,0.000000,1.000000,-0.000000,1.000000,0.00000000,0.00000000
595.425827,502.099975,251.705000,502.099975,251.705000,0.000000,1.000000,-0.000000,1.000000,0.00000000,0.00000000
596.387704,503.061852,251.705000,503.061852,251.705000,0.000000,1.000000,-0.000000,1.000000,0.00000000,0.00000000
597.349582,504.023730,251.705000,504.023730,251.705000,0.000000,1.000000,-0.000000,1.000000,0.00000000,0.00000000
598.311459,504.985607,251.705000,504.985607,251.705000,0.000000,1.000000,-0.000000,1.000000,0.00000000,0.00000000
599.273336,505.947484,251.705000,505.947484,251.705000,0.000000,1.000000,-0.000000,1.000000,0.00000000,0.00000000
600.235214,506.909362,251.705000,506.909362,251.705000,0.000000,1.000000,-0.000000,1.000000,0.00000000,0.00000000
601.197091,507.871239,251.705000,507.871239,251.705000,0.000000,1.000000,-0.000000,1.000000,0.00000000,0.00000000
602.158968,508.833116,251.705000,508.833116,251.705000,0.000000,1.000000,-0.000000,1.000000,0.00000000,0.00000000
603.120846,509.794994,251.705000,509.794994,251.705000,0.000000,1.000000,-0.000000,1.000000,0.00000000,0.00000000
604.082723,510.756871,251.705000,510.756871,251.705000,0.000000,1.000000,-0.000000,1.000000,0.00000000,0.00000000
605.044600,511.718748,251.705000,511.718748,251.705000,0.000000,1.000000,-0.000000,1.000000,0.00000000,0.00000000
606.006478,512.680626,251.705000,512.680626,251.705000,0.000000,1.000000,-0.000000,1.000000,0.00000000,0.00000001
606.968355,513.642503,251.705000,513.642503,251.705000,0.000000,1.000000,-0.000000,1.000000,0.00000000,0.00000001
607.930232,514.604380,251.705000,514.604380,251.705000,0.000000,1.000000,-0.000000,1.000000,0.00000000,0.00000001
608.892110,515.566258,251.705000,515.566258,251.705000,0.000000,1.000000,-0.000000,1.000000,0.00000000,0.00000002
609.853987,516.528135,251.705000,516.528135,251.705000,0.000000,1.000000,-0.000000,1.000000,0.00000000,0.00000003
610.815864,517.490013,251.705000,517.490013,251.705000,0.000000,1.000000,-0.000000,1.000000,0.00000000,0.00000009
611.777742,518.451890,251.705000,518.451890,251.705000,0.000000,1.000000,-0.000000,1.000000,0.00000000,0.00000012
612.739619,519.413767,251.705000,519.413767,251.704999,0.000000,1.000000,-0.000000,1.000000,0.00000000,0.00000019
613.701496,520.375645,251.705000,520.375645,251.704999,0.000000,1.000000,-0.000001,1.000000,0.00000000,0.00000030
614.663374,521.337522,251.705000,521.337522,251.704998,0.000000,1.000000,-0.000001,1.000000,0.00000000,0.00000036
615.625251,522.299399,251.705000,522.299399,251.704997,0.000000,1.000000,-0.000002,1.000000,0.00000000,0.00000108
616.587128,523.261277,251.705000,523.261277,251.704995,0.000000,1.000000,-0.000003,1.000000,0.00000000,0.00000131
617.549006,524.223154,251.705000,524.223154,251.704991,0.000000,1.000000,-0.000004,1.000000,0.00000000,0.00000200
618.510883,525.185031,251.705000,525.185031,251.704986,0.000000,1.000000,-0.000007,1.000000,0.00000000,0.00000329
619.472761,526.146909,251.705000,526.146909,251.704978,0.000000,1.000000,-0.000010,1.000000,0.00000000,0.00000326
620.434638,527.108786,251.705000,527.108786,251.704966,0.000000,1.000000,-0.000017,1.000000,0.00000000,0.00001080
621.396515,528.070663,251.705000,528.070663,251.704944,0.000000,1.000000,-0.000028,1.000000,0.00000000,0.00001167
622.358393,529.032541,251.705000,529.032541,251.704912,-0.000000,1.000000,-0.000041,1.000000,0.00000000,0.00001708
623.320270,529.994418,251.705000,529.994418,251.704862,0.000000,1.000000,-0.000063,1.000000,0.00000000,0.00002686
624.282147,530.956295,251.705000,530.956295,251.704790,0.000000,1.000000,-0.000087,1.000000,0.00000000,0.00002378
625.244025,531.918173,251.705000,531.918172,251.704687,-0.000000,1.000000,-0.000135,1.000000,0.00000000,0.00007718
626.205902,532.880050,251.705000,532.880049,251.704522,-0.000000,1.000000,-0.000208,1.000000,0.00000030,0.00007334
627.167779,533.841927,251.705000,533.841926,251.704284,-0.000001,1.000000,-0.000292,1.000000,0.00000651,0.00010142
628.129657,534.803805,251.704999,534.803803,251.703950,-0.000013,1.000000,-0.000408,0.999999,0.00003068,0.00013940
629.091534,535.765682,251.704976,535.765680,251.703494,-0.000060,1.000000,-0.000539,0.999999,0.00007634,0.00013322
630.053411,536.727559,251.704884,536.727556,251.702886,-0.000159,1.000000,-0.000756,0.999998,0.00013487,0.00031890
631.015289,537.689437,251.704669,537.689431,251.702014,-0.000319,1.000000,-0.001052,0.999998,0.00020161,0.00029658
631.977166,538.651314,251.704270,538.651306,251.700856,-0.000547,1.000000,-0.001366,0.999996,0.00027709,0.00035473
632.939044,539.613191,251.703617,539.613179,251.699365,-0.000852,1.000000,-0.001747,0.999995,0.00035990,0.00043935
633.900922,540.575069,251.702631,540.575052,251.697483,-0.001240,0.999999,-0.002164,0.999993,0.00045054,0.00042634
634.862800,541.536946,251.701232,541.536922,251.695146,-0.001719,0.999998,-0.002756,0.999990,0.00055001,0.00080471
635.824679,542.498824,251.699325,542.498790,251.692130,-0.002298,0.999997,-0.003510,0.999986,0.00065722,0.00076402
636.786560,543.460701,251.696812,543.460655,251.688394,-0.002983,0.999995,-0.004264,0.999981,0.00077264,0.00080381
637.748443,544.422578,251.693586,544.422516,251.683898,-0.003784,0.999993,-0.005105,0.999974,0.00089591,0.00094454
638.710328,545.384456,251.689532,545.384374,251.678554,-0.004707,0.999989,-0.006003,0.999967,0.00102648,0.00092276
639.672219,546.346333,251.684531,546.346228,251.672268,-0.005759,0.999983,-0.007156,0.999956,0.00116521,0.00147409
640.634115,547.308210,251.678454,547.308074,251.664698,-0.006948,0.999976,-0.008588,0.999940,0.00131109,0.00150437
641.596020,548.270088,251.671164,548.269913,251.655755,-0.008281,0.999965,-0.009992,0.999922,0.00146337,0.00141518
642.557936,549.231965,251.662522,549.231744,251.645456,-0.009763,0.999952,-0.011457,0.999901,0.00162278,0.00163013
643.519867,550.193842,251.652381,550.193567,251.633685,-0.011403,0.999935,-0.013014,0.999876,0.00178935,0.00160971
644.481817,551.155720,251.640585,551.155384,251.620323,-0.013206,0.999912,-0.014869,0.999844,0.00196194,0.00224675
645.443791,552.117597,251.626974,552.117186,251.604936,-0.015177,0.999884,-0.017166,0.999798,0.00213977,0.00253103
646.405794,553.079474,251.611384,553.078971,251.587310,-0.017322,0.999849,-0.019416,0.999748,0.00232338,0.00214814
647.367835,554.041352,251.593646,554.040744,251.567589,-0.019647,0.999806,-0.021634,0.999693,0.00251224,0.00246397
648.329922,555.003229,251.573582,555.002505,251.545635,-0.022155,0.999754,-0.024004,0.999629,0.00270524,0.00246672
649.292064,555.965106,251.551014,555.964256,251.521310,-0.024851,0.999690,-0.026651,0.999553,0.00290291,0.00303796
650.254273,556.926984,251.525760,556.925986,251.494138,-0.027739,0.999614,-0.029958,0.999445,0.00310451,0.00384062
651.216561,557.888861,251.497630,557.887682,251.463669,-0.030823,0.999524,-0.033224,0.999327,0.00330867,0.00295376
652.178944,558.850738,251.466435,558.849362,251.430259,-0.034104,0.999417,-0.036280,0.999207,0.00351591,0.00340251
653.141438,559.812616,251.431982,559.811026,251.393757,-0.037587,0.999292,-0.039580,0.999067,0.00372593,0.00346318
654.104062,560.774493,251.394075,560.772679,251.354010,-0.041272,0.999146,-0.043047,0.998911,0.00393751,0.00374933
655.066837,561.736370,251.352516,561.734308,251.310573,-0.045162,0.998978,-0.047451,0.998692,0.00415020,0.00541525
656.029786,562.698248,251.307105,562.695877,251.262627,-0.049256,0.998784,-0.051868,0.998452,0.00436347,0.00377404
656.992934,563.660125,251.257643,563.657427,251.210829,-0.053556,0.998562,-0.055791,0.998221,0.00457703,0.00439121
657.956310,564.622003,251.203928,564.618963,251.155021,-0.058061,0.998310,-0.060094,0.997953,0.00479046,0.00456304
658.919945,565.583880,251.145757,565.580489,251.095046,-0.062772,0.998025,-0.064334,0.997674,0.00500300,0.00426026
659.883872,566.545757,251.082930,566.542003,251.030599,-0.067686,0.997704,-0.069859,0.997279,0.00521414,0.00723866
660.848128,567.507635,251.015245,567.503411,250.960301,-0.072802,0.997343,-0.075515,0.996842,0.00542305,0.00453428
661.812752,568.469512,250.942502,568.464803,250.885222,-0.078118,0.996940,-0.080287,0.996444,0.00562901,0.00539961
662.777786,569.431389,250.864502,569.426187,250.805207,-0.083631,0.996493,-0.085577,0.995981,0.00583260,0.00561239
663.743277,570.393267,250.781047,570.387571,250.720096,-0.089339,0.995997,-0.090609,0.995520,0.00603262,0.00486216
664.709273,571.355144,250.691942,571.348965,250.629732,-0.095236,0.995450,-0.097080,0.994885,0.00622756,0.00861169
665.675825,572.317021,250.596996,572.310206,250.532368,-0.101319,0.994849,-0.103902,0.994168,0.00641847,0.00559246
666.642988,573.278899,250.496017,573.271427,250.429173,-0.107584,0.994191,-0.109605,0.993527,0.00660464,0.00628644
667.610821,574.240776,250.388818,574.232651,250.320146,-0.114024,0.993473,-0.115723,0.992808,0.00678442,0.00645353
668.579383,575.202653,250.275216,575.193891,250.205135,-0.120635,0.992691,-0.121685,0.992077,0.00695769,0.00596288
669.548740,576.164531,250.155032,576.155160,250.083991,-0.127409,0.991844,-0.128687,0.991172,0.00712487,0.00861809
670.518958,577.126408,250.028090,577.116291,249.955299,-0.134341,0.990929,-0.136413,0.990111,0.00728535,0.00747526
671.490106,578.088285,249.894219,578.077347,249.819439,-0.141424,0.989942,-0.143272,0.989112,0.00743776,0.00681407
672.462258,579.050163,249.753254,579.038426,249.676920,-0.148650,0.988883,-0.149987,0.988092,0.00758207,0.00717526
673.435489,580.012040,249.605031,579.999542,249.527604,-0.156010,0.987748,-0.156849,0.987006,0.00771874,0.00711838
674.409876,580.973917,249.449397,580.960709,249.371352,-0.163498,0.986536,-0.163961,0.985837,0.00784706,0.00769432
675.385500,581.935795,249.286198,581.921838,249.207441,-0.171106,0.985245,-0.172398,0.984373,0.00796579,0.00988217
676.362442,582.897672,249.115292,582.882757,249.034837,-0.178822,0.983873,-0.180490,0.982897,0.00807527,0.00697939
677.340788,583.859549,248.936538,583.843724,248.854848,-0.186640,0.982420,-0.187589,0.981543,0.00817622,0.00781337
678.320624,584.821427,248.749804,584.804751,248.667351,-0.194551,0.980884,-0.195137,0.980053,0.00826752,0.00791418
679.302037,585.783304,248.554962,585.765852,248.472224,-0.202545,0.979264,-0.202390,0.978573,0.00834897,0.00719162
680.285116,586.745181,248.351893,586.727042,248.269348,-0.210612,0.977561,-0.210868,0.976769,0.00842051,0.01046857
681.269953,587.707059,248.140481,587.687986,248.057078,-0.218744,0.975773,-0.219848,0.974772,0.00848205,0.00824183
682.256637,588.668936,247.920620,588.648883,247.836289,-0.226930,0.973902,-0.227652,0.972957,0.00853425,0.00802261
683.245263,589.630814,247.692209,589.609863,247.607411,-0.235161,0.971947,-0.235376,0.971105,0.00857623,0.00807093
684.235921,590.592691,247.455153,590.570938,247.370345,-0.243428,0.969910,-0.243275,0.969147,0.00860827,0.00838453
685.228704,591.554568,247.209366,591.532118,247.124993,-0.251721,0.967790,-0.250829,0.967223,0.00863077,0.00734378
686.223706,592.516446,246.954767,592.493413,246.871258,-0.260031,0.965591,-0.259839,0.964835,0.00864344,0.01142188
687.221019,593.478323,246.691283,593.454327,246.607253,-0.268349,0.963312,-0.268981,0.962321,0.00864667,0.00762255
688.220733,594.440200,246.418847,594.415296,246.334567,-0.276665,0.960957,-0.276668,0.960124,0.00864072,0.00839811
689.222941,595.402078,246.137400,595.376373,246.053284,-0.284971,0.958526,-0.284615,0.957796,0.00862589,0.00815355
690.227732,596.363955,245.846888,596.337566,245.763335,-0.293259,0.956023,-0.292550,0.955401,0.00860185,0.00837189
691.235195,597.325832,245.547266,597.298879,245.464652,-0.301519,0.953450,-0.300286,0.953007,0.00856915,0.00772984
692.245416,598.287710,245.238495,598.260317,245.157170,-0.309744,0.950810,-0.308819,0.950282,0.00852816,0.01003366
693.258482,599.249587,244.920542,599.221491,244.839667,-0.317925,0.948106,-0.317758,0.947334,0.00847937,0.00857812
694.274475,600.211464,244.593383,600.182589,244.512740,-0.326056,0.945341,-0.325702,0.944629,0.00842336,0.00796734
695.293476,601.173342,244.256996,601.143804,244.176929,-0.334129,0.942518,-0.333413,0.941936,0.00835964,0.00808976
696.315565,602.135219,243.911370,602.105137,243.832197,-0.342138,0.939640,-0.341125,0.939177,0.00828897,0.00796330
697.340817,603.097096,243.556498,603.066590,243.478514,-0.350075,0.936712,-0.348832,0.936350,0.00821176,0.00807526
698.369306,604.058974,243.192380,604.028161,243.115851,-0.357935,0.933737,-0.356301,0.933550,0.00812860,0.00745945
699.401102,605.020851,242.819024,604.989847,242.744185,-0.365713,0.930719,-0.364446,0.930412,0.00804017,0.00948621
700.436274,605.982728,242.436438,605.951231,242.362469,-0.373402,0.927660,-0.372780,0.927116,0.00794600,0.00785628
701.474884,606.944606,242.044643,606.912573,241.971420,-0.380999,0.924567,-0.380195,0.924103,0.00784670,0.00757781
702.516996,607.906483,241.643659,607.874025,241.571423,-0.388498,0.921441,-0.387463,0.921088,0.00774288,0.00754650
703.562664,608.868360,241.233519,608.835582,241.162485,-0.395894,0.918287,-0.394673,0.918033,0.00763522,0.00745170
704.611945,609.830238,240.814254,609.797242,240.744619,-0.403186,0.915110,-0.401788,0.914954,0.00752421,0.00734830
705.664890,610.792115,240.385905,610.758999,240.317838,-0.410369,0.911911,-0.408848,0.911835,0.00740943,0.00733236
706.721544,611.753992,239.948514,611.720847,239.882160,-0.417440,0.908696,-0.415726,0.908737,0.00729162,0.00696611
707.781952,612.715870,239.502132,612.682776,239.437606,-0.424396,0.905469,-0.422876,0.905448,0.00717142,0.00789648
708.846153,613.677747,239.046812,613.644505,238.983629,-0.431236,0.902231,-0.430210,0.902001,0.00704913,0.00735433
709.914184,614.639625,238.582611,614.606116,238.520487,-0.437957,0.898988,-0.436961,0.898759,0.00692498,0.00668802
710.986078,615.601502,238.109591,615.567806,238.048656,-0.444558,0.895743,-0.443410,0.895606,0.00679914,0.00672318
712.061863,616.563379,237.627818,616.529572,237.568189,-0.451037,0.892498,-0.449802,0.892425,0.00667230,0.00656802
713.141565,617.525257,237.137361,617.491410,237.079141,-0.457394,0.889257,-0.456071,0.889251,0.00654465,0.00646373
714.225205,618.487134,236.638294,618.453317,236.581573,-0.463628,0.886023,-0.462233,0.886076,0.00641640,0.00634578
715.312803,619.449011,236.130691,619.415285,236.075546,-0.469738,0.882799,-0.468288,0.882905,0.00628781,0.00623803
716.404372,620.410889,235.614633,620.377309,235.561120,-0.475724,0.879588,-0.474231,0.879741,0.00615911,0.00611214
717.499925,621.372766,235.090201,621.339378,235.038361,-0.481586,0.876392,-0.480086,0.876573,0.00603080,0.00605617
718.599470,622.334643,234.557480,622.301482,234.507333,-0.487326,0.873214,-0.485765,0.873453,0.00590313,0.00574192
719.703013,623.296521,234.016557,623.263613,233.968105,-0.492943,0.870056,-0.491600,0.870195,0.00577576,0.00638404
720.810555,624.258398,233.467520,624.225539,233.420364,-0.498437,0.866920,-0.497390,0.866911,0.00564926,0.00564787
721.922095,625.220275,232.910463,625.187424,232.864501,-0.503811,0.863809,-0.502751,0.863822,0.00552443,0.00549743
723.037630,626.182153,232.345475,626.149339,232.300732,-0.509065,0.860723,-0.507986,0.860764,0.00540068,0.00538515
724.157155,627.144030,231.772652,627.111282,231.729149,-0.514200,0.857665,-0.513110,0.857729,0.00527817,0.00526297
725.280659,628.105907,231.192089,628.073252,231.149842,-0.519219,0.854636,-0.518118,0.854723,0.00515729,0.00514530
726.408131,629.067785,230.603883,629.035247,230.562907,-0.524122,0.851639,-0.523013,0.851746,0.00503822,0.00502916
727.539559,630.029662,230.008131,629.997265,229.968436,-0.528911,0.848673,-0.527799,0.848798,0.00492110,0.00491568
728.674926,630.991539,229.404931,630.959302,229.366524,-0.533589,0.845740,-0.532476,0.845881,0.00480562,0.00480456
729.814214,631.953417,228.794382,631.921356,228.757264,-0.538156,0.842841,-0.537048,0.842995,0.00469244,0.00469573
730.957404,632.915294,228.176583,632.883424,228.140751,-0.542616,0.839977,-0.541516,0.840140,0.00458178,0.00458903
732.104475,633.877171,227.551633,633.845501,227.517078,-0.546971,0.837148,-0.545883,0.837318,0.00447307,0.00448436
733.255404,634.839049,226.919629,634.807584,226.886340,-0.551221,0.834355,-0.550149,0.834528,0.00436652,0.00438166
734.410166,635.800926,226.280671,635.769671,226.248631,-0.555371,0.831599,-0.554318,0.831773,0.00426273,0.00428090
735.568736,636.762804,225.634856,636.731758,225.604045,-0.559422,0.828880,-0.558391,0.829052,0.00416137,0.00418213
736.731088,637.724681,224.982281,637.693842,224.952676,-0.563376,0.826197,-0.562369,0.826365,0.00406219,0.00408538
737.897193,638.686558,224.323044,638.655920,224.294618,-0.567237,0.823552,-0.566256,0.823713,0.00396576,0.00399072
739.067025,639.648436,223.657238,639.617992,223.629964,-0.571006,0.820943,-0.570052,0.821097,0.00387200,0.00389822
740.240552,640.610313,222.984959,640.580054,222.958807,-0.574686,0.818371,-0.573760,0.818517,0.00378089,0.00380794
741.417747,641.572190,222.306298,641.542105,222.281238,-0.578279,0.815836,-0.577383,0.815971,0.00369222,0.00371994
742.598580,642.534068,221.621347,642.504144,221.597348,-0.581789,0.813337,-0.580921,0.813461,0.00360626,0.00363429
743.783019,643.495945,220.930198,643.466169,220.907225,-0.585217,0.810874,-0.584379,0.810986,0.00352318,0.00355104
744.971036,644.457822,220.232934,644.428181,220.210958,-0.588566,0.808446,-0.587757,0.808546,0.00344251,0.00347022
746.162600,645.419700,219.529645,645.390178,219.508633,-0.591839,0.806053,-0.591059,0.806141,0.00336486,0.00339189
747.357681,646.381577,218.820412,646.352161,218.800333,-0.595040,0.803694,-0.594286,0.803769,0.00328967,0.00331605
748.556251,647.343454,218.105317,647.314129,218.086141,-0.598168,0.801368,-0.597442,0.801431,0.00321694,0.00324275
749.758278,648.305332,217.384440,648.276081,217.366137,-0.601228,0.799075,-0.600528,0.799125,0.00314718,0.00317200
750.963737,649.267209,216.657857,649.238019,216.640398,-0.604223,0.796813,-0.603547,0.796851,0.00307992,0.00310380
752.172598,650.229086,215.925644,650.199942,215.909000,-0.607153,0.794583,-0.606502,0.794608,0.00301554,0.00303817
753.384835,651.190964,215.187870,651.161851,215.172016,-0.610024,0.792381,-0.609395,0.792396,0.00295377,0.00297511
754.600422,652.152841,214.444604,652.123746,214.429515,-0.612836,0.790208,-0.612228,0.790212,0.00289449,0.00291459
755.819335,653.114718,213.695912,653.085629,213.681564,-0.615592,0.788063,-0.615004,0.788057,0.00283771,0.00285663
757.041549,654.076596,212.941856,654.047500,212.928228,-0.618295,0.785944,-0.617726,0.785929,0.00278352,0.00280120
758.267042,655.038473,212.182499,655.009358,212.169567,-0.620947,0.783851,-0.620396,0.783826,0.00273220,0.00274830
759.495794,656.000350,211.417892,655.971207,211.405640,-0.623551,0.781781,-0.623015,0.781749,0.00268313,0.00269789
760.727784,656.962228,210.648092,656.933045,210.636501,-0.626109,0.779734,-0.625588,0.779695,0.00263646,0.00264997
761.962995,657.924105,209.873147,657.894876,209.862201,-0.628623,0.777709,-0.628115,0.777663,0.00259237,0.00260452
763.201411,658.885982,209.093105,658.856699,209.082790,-0.631096,0.775703,-0.630600,0.775653,0.00255102,0.00256152
764.443017,659.847860,208.308008,659.818515,208.298310,-0.633531,0.773716,-0.633045,0.773661,0.00251197,0.00252097
765.687802,660.809737,207.517893,660.780327,207.508802,-0.635928,0.771747,-0.635452,0.771689,0.00247485,0.00248288
766.935754,661.771615,206.722799,661.742134,206.714305,-0.638292,0.769793,-0.637824,0.769732,0.00244044,0.00244730
768.186864,662.733492,205.922755,662.703938,205.914850,-0.640623,0.767854,-0.640162,0.767792,0.00240848,0.00241426
769.441127,663.695369,205.117792,663.665740,205.110467,-0.642925,0.765928,-0.642470,0.765864,0.00237870,0.00238396
770.698538,664.657247,204.307931,664.627540,204.301181,-0.645199,0.764013,-0.644750,0.763948,0.00235107,0.00235618
771.959096,665.619124,203.493193,665.589338,203.487012,-0.647448,0.762108,-0.647006,0.762042,0.00232573,0.00233224
773.222799,666.581001,202.673596,666.551132,202.667975,-0.649673,0.760212,-0.649237,0.760144,0.00230259,0.00230760
774.489653,667.542879,201.849150,667.512923,201.844081,-0.651877,0.758323,-0.651453,0.758248,0.00228156,0.00229888
775.759661,668.504756,201.019866,668.474706,201.015337,-0.654063,0.756439,-0.653638,0.756369,0.00226296,0.00224246
777.032833,669.466633,200.185745,669.436482,200.181744,-0.656231,0.754559,-0.655857,0.754447,0.00224609,0.00237211
778.309178,670.428511,199.346788,670.398163,199.343203,-0.658383,0.752681,-0.658103,0.752491,0.00223116,0.00229872
779.588710,671.390388,198.502991,671.359776,198.499741,-0.660523,0.750804,-0.660273,0.750590,0.00221868,0.00221263
780.871444,672.352265,197.654345,672.321381,197.651421,-0.662652,0.748926,-0.662402,0.748713,0.00220808,0.00221574
782.157401,673.314143,196.800837,673.282983,196.798234,-0.664771,0.747046,-0.664524,0.746832,0.00219917,0.00219717
783.446601,674.276020,195.942449,674.244588,195.940168,-0.666882,0.745162,-0.666632,0.744953,0.00219222,0.00218750
784.739070,675.237897,195.079161,675.206199,195.077209,-0.668988,0.743272,-0.668732,0.743070,0.00218749,0.00217921
786.034835,676.199775,194.210944,676.167821,194.209332,-0.671090,0.741374,-0.670825,0.741183,0.00218444,0.00217414
787.333928,677.161652,193.337769,677.129455,193.336509,-0.673190,0.739468,-0.672916,0.739287,0.00218294,0.00217369
788.636383,678.123529,192.459600,678.091102,192.458705,-0.675290,0.737551,-0.675005,0.737381,0.00218345,0.00217087
789.942238,679.085407,191.576397,679.052761,191.575879,-0.677391,0.735622,-0.677102,0.735457,0.00218580,0.00219145
791.251533,680.047284,190.688114,680.014429,190.687983,-0.679495,0.733679,-0.679183,0.733537,0.00218968,0.00213656
792.564313,681.009161,189.794702,680.976105,189.794967,-0.681603,0.731721,-0.681350,0.731526,0.00219525,0.00236927
793.880627,681.971039,188.896108,681.937646,188.896621,-0.683718,0.729745,-0.683573,0.729449,0.00220243,0.00225644
795.200525,682.932916,187.992270,682.899113,187.992956,-0.685840,0.727751,-0.685710,0.727441,0.00221112,0.00218914
796.524062,683.894793,187.083126,683.860589,187.083995,-0.687972,0.725736,-0.687825,0.725442,0.00222172,0.00221212
797.851298,684.856671,186.168605,684.822081,186.169677,-0.690114,0.723699,-0.689952,0.723420,0.00223363,0.00221284
799.182298,685.818548,185.248632,685.783596,185.249932,-0.692269,0.721638,-0.692085,0.721379,0.00224676,0.00222650
800.517124,686.780426,184.323129,686.745137,184.324688,-0.694436,0.719553,-0.694228,0.719317,0.00226174,0.00223120
801.855852,687.742303,183.392010,687.706707,183.393859,-0.696619,0.717439,-0.696396,0.717217,0.00227791,0.00228124
803.198555,688.704180,182.455184,688.668305,182.457355,-0.698818,0.715297,-0.698540,0.715130,0.00229555,0.00217808
804.545312,689.666058,181.512557,689.629930,181.515079,-0.701036,0.713125,-0.700860,0.712855,0.00231476,0.00265121
805.896209,690.627935,180.564023,690.591310,180.566651,-0.703271,0.710920,-0.703220,0.710526,0.00233494,0.00226110
807.251334,691.589812,179.609479,691.552681,179.612209,-0.705527,0.708681,-0.705433,0.708327,0.00235631,0.00234515
808.610780,692.551690,178.648810,692.514083,178.651679,-0.707804,0.706407,-0.707686,0.706075,0.00237918,0.00234457
809.974644,693.513567,177.681898,693.475525,177.684952,-0.710104,0.704095,-0.709945,0.703801,0.00240335,0.00235917
811.343033,694.475444,176.708614,694.437015,176.711906,-0.712428,0.701743,-0.712240,0.701476,0.00242840,0.00241777
812.716053,695.437322,175.728831,695.398555,175.732416,-0.714776,0.699352,-0.714510,0.699162,0.00245474,0.00230781
814.093819,696.399199,174.742408,696.360148,174.746343,-0.717150,0.696917,-0.716983,0.696622,0.00248220,0.00284098
815.476450,697.361076,173.749201,697.321459,173.753220,-0.719551,0.694438,-0.719522,0.693995,0.00251057,0.00244744
816.864071,698.322954,172.749059,698.282751,172.753151,-0.721980,0.691912,-0.721900,0.691518,0.00254009,0.00250537
818.256814,699.284831,171.741822,699.244100,171.746054,-0.724437,0.689338,-0.724306,0.688993,0.00257048,0.00250632
819.654817,700.246708,170.727325,700.205519,170.731772,-0.726925,0.686715,-0.726749,0.686411,0.00260192,0.00258256
821.058223,701.208586,169.705396,701.167016,169.710139,-0.729443,0.684039,-0.729159,0.683846,0.00263432,0.00243569
822.467184,702.170463,168.675851,702.128597,168.680980,-0.731992,0.681310,-0.731826,0.680985,0.00266740,0.00312040
823.881856,703.132340,167.638503,703.089812,167.643688,-0.734574,0.678526,-0.734561,0.678028,0.00270120,0.00257875
825.302405,704.094218,166.593155,704.051044,166.598427,-0.737189,0.675684,-0.737083,0.675278,0.00273598,0.00267764
826.729003,705.056095,165.539603,705.012371,165.545060,-0.739837,0.672783,-0.739676,0.672431,0.00277164,0.00272485
828.161831,706.017972,164.477629,705.973808,164.483386,-0.742520,0.669820,-0.742231,0.669603,0.00280766,0.00259938
829.601077,706.979850,163.407012,706.935367,163.413191,-0.745238,0.666795,-0.745029,0.666480,0.00284425,0.00323137
831.046938,707.941727,162.327518,707.896582,162.333828,-0.747992,0.663704,-0.747946,0.663196,0.00288164,0.00284877
832.499620,708.903605,161.238906,708.857751,161.245322,-0.750782,0.660547,-0.750662,0.660110,0.00291959,0.00281509
833.959339,709.865482,160.140921,709.819059,160.147585,-0.753608,0.657320,-0.753382,0.656994,0.00295788,0.00285701
835.426320,710.827359,159.033300,710.780527,159.040367,-0.756472,0.654022,-0.756140,0.653809,0.00299648,0.00289087
836.900797,711.789237,157.915769,711.742001,157.923263,-0.759373,0.650652,-0.759211,0.650228,0.00303543,0.00351405
838.383018,712.751114,156.788041,712.703042,156.795613,-0.762311,0.647207,-0.762241,0.646662,0.00307460,0.00280460
839.873237,713.712991,155.649821,713.664266,155.657649,-0.765287,0.643685,-0.765038,0.643337,0.00311420,0.00303168
841.371724,714.674869,154.500797,714.625701,154.509079,-0.768302,0.640083,-0.767925,0.639876,0.00315375,0.00298834
842.878762,715.636746,153.340645,715.587189,153.349448,-0.771354,0.636401,-0.771146,0.635975,0.00319320,0.00373207
844.394640,716.598623,152.169031,716.548169,152.177962,-0.774445,0.632637,-0.774343,0.632062,0.00323279,0.00293998
845.919668,717.560501,150.985602,717.509400,150.994894,-0.777573,0.628787,-0.777204,0.628526,0.00327203,0.00303095
847.454166,718.522378,149.789996,718.470918,149.799906,-0.780739,0.624852,-0.780380,0.624561,0.00331098,0.00359617
848.998468,719.484255,148.581832,719.432117,148.592135,-0.783942,0.620828,-0.783758,0.620298,0.00334965,0.00345441
850.552924,720.446133,147.360715,720.393178,147.371334,-0.787183,0.616714,-0.786893,0.616296,0.00338791,0.00309330
852.117901,721.408010,146.126233,721.354590,146.137474,-0.790460,0.612508,-0.789988,0.612305,0.00342546,0.00336769
853.693782,722.369887,144.877957,722.316011,144.889859,-0.793772,0.608209,-0.793484,0.607744,0.00346219,0.00393206
855.280965,723.331765,143.615443,723.276963,143.627685,-0.797120,0.603815,-0.796832,0.603325,0.00349814,0.00306099
856.879871,724.293642,142.338223,724.238352,142.351173,-0.800502,0.599324,-0.799965,0.599141,0.00353296,0.00348565
858.490932,725.255519,141.045818,725.199776,141.059541,-0.803916,0.594736,-0.803574,0.594262,0.00356675,0.00405604
860.114608,726.217397,139.737722,726.160730,139.751914,-0.807363,0.590048,-0.806953,0.589641,0.00359922,0.00300376
861.751374,727.179274,138.413413,727.122234,138.428518,-0.810840,0.585260,-0.810280,0.585030,0.00363009,0.00395110
863.401727,728.141151,137.072347,728.083428,137.088190,-0.814346,0.580372,-0.813981,0.579835,0.00365935,0.00378862
865.066188,729.103029,135.713957,729.044561,135.730545,-0.817879,0.575381,-0.817220,0.575234,0.00368679,0.00298102
866.745298,730.064906,134.337657,730.006318,134.355476,-0.821438,0.570289,-0.820909,0.569914,0.00371229,0.00473994
868.439625,731.026783,132.942833,730.967092,132.961261,-0.825021,0.565094,-0.824526,0.564636,0.00373543,0.00282261
870.149756,731.988661,131.528852,731.928653,131.548485,-0.828624,0.559796,-0.827959,0.559542,0.00375628,0.00437135
871.876308,732.950538,130.095055,732.889721,130.115626,-0.832247,0.554396,-0.831672,0.553966,0.00377474,0.00339944
873.619925,733.912416,128.640754,733.851091,128.662531,-0.835885,0.548894,-0.835166,0.548634,0.00379025,0.00392417
875.381272,734.874293,127.165243,734.812386,127.188248,-0.839538,0.543291,-0.838845,0.542942,0.00380277,0.00378312
877.161045,735.836170,125.667783,735.773668,125.692085,-0.843201,0.537588,-0.842440,0.537290,0.00381218,0.00375579
878.959969,736.798048,124.147613,736.735039,124.173353,-0.846871,0.531787,-0.846056,0.531517,0.00381838,0.00382994
880.778793,737.759925,122.603943,737.696369,122.631184,-0.850546,0.525889,-0.849732,0.525550,0.00382106,0.00389002
882.618303,738.721802,121.035955,738.657673,121.064779,-0.854222,0.519897,-0.853275,0.519710,0.00381997,0.00355000
884.479304,739.683680,119.442808,739.619230,119.473470,-0.857894,0.513814,-0.856995,0.513467,0.00381509,0.00427479
886.362641,740.645557,117.823626,740.580333,117.855975,-0.861561,0.507642,-0.860504,0.507484,0.00380618,0.00310489
888.269179,741.607434,116.177515,741.542237,116.212138,-0.865216,0.501386,-0.864136,0.501172,0.00379321,0.00455048
890.199821,742.569312,114.503547,742.503115,114.539995,-0.868858,0.495048,-0.867876,0.494559,0.00377597,0.00333618
892.155494,743.531189,112.800770,743.464569,112.839522,-0.872480,0.488636,-0.871185,0.488593,0.00375425,0.00365681
894.137157,744.493066,111.068206,744.426250,111.109549,-0.876080,0.482152,-0.874856,0.481851,0.00372809,0.00410912
896.145793,745.454944,109.304854,745.387216,109.348591,-0.879652,0.475603,-0.878416,0.475175,0.00369749,0.00344268
898.182416,746.416821,107.509686,746.348631,107.556266,-0.883193,0.468996,-0.881680,0.468933,0.00366226,0.00349252
900.248066,747.378698,105.681655,747.310378,105.731476,-0.886697,0.462336,-0.885179,0.462100,0.00362232,0.00396120
902.343800,748.340576,103.819695,748.271395,103.872646,-0.890161,0.455631,-0.888648,0.455170,0.00357782,0.00345650
904.470706,749.302453,101.922718,749.232485,101.979138,-0.893580,0.448888,-0.891876,0.448564,0.00352867,0.00347876
906.629882,750.264330,99.989629,750.193757,100.049941,-0.896949,0.442118,-0.895081,0.441852,0.00347503,0.00343411
908.822447,751.226208,98.019316,751.155126,98.083946,-0.900265,0.435326,-0.898230,0.435093,0.00341687,0.00339193
911.049532,752.188085,96.010660,752.116493,96.080040,-0.903522,0.428524,-0.901336,0.428244,0.00335422,0.00338696
913.312267,753.149962,93.962548,753.077615,94.037067,-0.906718,0.421722,-0.904403,0.421280,0.00328733,0.00336713
915.611794,754.111840,91.873860,754.038366,91.953939,-0.909846,0.414928,-0.907343,0.414388,0.00321625,0.00317801
917.949241,755.073717,89.743496,754.999030,89.829777,-0.912905,0.408155,-0.910142,0.407597,0.00314117,0.00313673
920.325731,756.035594,87.570366,755.959574,87.663593,-0.915889,0.401414,-0.912840,0.400802,0.00306224,0.00304729
922.742361,756.997472,85.353410,756.919960,85.454453,-0.918796,0.394716,-0.915414,0.394032,0.00297966,0.00297925
925.200202,757.959349,83.091602,757.880135,83.201482,-0.921622,0.388073,-0.917844,0.387323,0.00289358,0.00285985
927.700284,758.921227,80.783962,758.840012,80.903878,-0.924363,0.381498,-0.920164,0.380521,0.00280417,0.00292323
930.243579,759.883104,78.429575,759.799084,78.560831,-0.927017,0.375004,-0.922307,0.373763,0.00271171,0.00268443
932.831002,760.844981,76.027586,760.757677,76.171941,-0.929580,0.368605,-0.924194,0.367226,0.00261628,0.00260293
935.463373,761.806859,73.577245,761.715781,73.736873,-0.932050,0.362314,-0.925854,0.360747,0.00251816,0.00249968
938.141423,762.768736,71.077897,762.673345,71.255449,-0.934425,0.356146,-0.927254,0.354431,0.00241749,0.00234334
940.865763,763.730613,68.529011,763.630231,68.727569,-0.936701,0.350115,-0.928516,0.347969,0.00231429,0.00249730
943.636853,764.692491,65.930217,764.585694,66.152623,-0.938877,0.344238,-0.929988,0.341847,0.00220876,0.00209416
946.455001,765.654368,63.281301,765.541877,63.527981,-0.940951,0.338530,-0.933179,0.336963,0.00210114,0.00200391
949.320309,766.616245,60.582268,766.503533,60.841450,-0.942920,0.333007,-0.944082,0.335081,0.00199077,0.00181041
952.232691,767.578123,57.833311,767.488241,58.047060,-0.944781,0.327690,-0.981628,0.343902,0.00144018,0.00093767
955.191704,768.540000,55.035000,768.540000,55.035000,-0.945691,0.325067,-1.061182,0.369834,0.00093824,0.00013004
